branch,phi1_a,phi2_a,phi1_b,phi2_b,length
0,0.1474753327427842,0.1474753327427842,0.35252466725721404,0.35252466725721404,0.28998354982588426
0,0.1483336742059806,0.1466300116888237,0.3536691649055269,0.35137282742268383,0.2899694541420749
0,0.14920509016854133,0.14579765865753042,0.35480626626277134,0.35021369777378225,0.2899271644039371
0,0.15008963586198765,0.14497822240565825,0.35593591508784816,0.3490473285441775,0.28985667277346777
0,0.15098736799426216,0.1441716531680199,0.3570580532342334,0.3478737680604757,0.28975796611470506
0,0.15189834469499466,0.14337790260356575,0.3581726205977434,0.34669306268917227,0.28963102599659296
0,0.15282262551788078,0.14259692379815045,0.3592795550991595,0.3455052568188899,0.2894758286651657
0,0.15376027144744797,0.14182867127151938,0.36037879266418327,0.34431039284011183,0.2892923450061745
0,0.15471134491663677,0.1410731009947084,0.36147026720501996,0.34310851112694835,0.2890805404954752
0,0.15567590983068452,0.1403301704132408,0.3625539106002205,0.34189965001766426,0.28884037513893074
0,0.15665403159472682,0.1395998384734743,0.36362965267078445,0.340683845792037,0.28857180340274335
0,0.1576457771450958,0.13888206565200842,0.36469742115232007,0.33946113264540745,0.2882747741340487
0,0.15865121498434992,0.13817681398810527,0.3657571416630784,0.33823154265932304,0.2879492304715701
0,0.1596704152205021,0.13748404711950826,0.3668087376679654,0.3369951057689592,0.2875951097459307
0,0.16070344961056846,0.1368037303216913,0.36785213043835974,0.3357518497272369,0.28721234336932205
0,0.1617503916086338,0.1361358305506467,0.3688872390075923,0.33450180006557934,0.2868008567141643
0,0.16281131641865998,0.13548031648934658,0.3699139801219525,0.33324498005126585,0.28636056898036466
0,0.16388630105221053,0.1348371585979549,0.3709322681870165,0.3319814106412721,0.28589139305076355
0,0.1649754243913257,0.13420632916792866,0.37194201520908976,0.33071111043248674,0.28539323533426575
0,0.16607876725674464,0.13358780238010204,0.37294313073153423,0.3294340956081768,0.28486599559618714
0,0.16719641248171976,0.13298155436689812,0.37393552176572015,0.32815037988054174,0.2843095667752264
0,0.16832844499173866,0.13238756327886728,0.3749190927163704,0.3268599744292418,0.2837238347864402
0,0.16947495189036035,0.13180580935565367,0.3758937453009568,0.32556288783566345,0.2831086783095763
0,0.17063602255152388,0.13123627500162494,0.3768593784628516,0.32425912601275053,0.2824639685619979
0,0.1718117487186876,0.13067894486639617,0.3778158882779242,0.32294869213021554,0.2817895690554113
0,0.17300222461109618,0.13013380593042034,0.37876316785413816,0.32163158653481394,0.2810853353355077
0,0.17420754703764257,0.12960084759596852,0.37970110722382433,0.3203078066654983,0.2803511147035788
0,0.1754278155186981,0.1290800617837304,0.3806295932281303,0.31897734696309793,0.27958674591905325
0,0.1766631324164309,0.12857144303539733,0.38154850939321455,0.31764019877424804,0.2787920588818052
0,0.17791360307406912,0.12807498862252223,0.3824577357976326,0.3162963502491794,0.27796687429301287
0,0.1791793359646951,0.12759069866206557,0.3833571489303893,0.3149457862330188,0.2771110032932174
0,0.18046044285017435,0.12711857623904116,0.3842466215390236,0.3135884881501567,0.27622424707607185
0,0.18175703895086215,0.12665862753670812,0.38512602246708494,0.3122244338812389,0.27530639647621263
0,0.183069243126785,0.12621086197478656,0.3859952164802315,0.3108535976322298,0.2743572315294571
0,0.1843971780711199,0.12577529235628918,0.3868540640802306,0.30947594979506127,0.2733765210034379
0,0.1857409705168034,0.12535193502354808,0.3877024213059439,0.30809145679919914,0.2723640218965201
0,0.18710075145718275,0.12494081002408176,0.3885401395203839,0.3067000809534848,0.2713194789027597
0,0.18847665638176167,0.12454194128705681,0.3893670651828081,0.30530178027751287,0.270242623840332
0,0.1898688255281433,0.1241553568111303,0.3901830396047176,0.3038965083217305,0.2691331750406705
0,0.19127740415139735,0.12378108886455307,0.3909878986885426,0.3024842139753868,0.2679908366953046
0,0.1927025428121977,0.12341917419850117,0.3917814726476325,0.30106484126132893,0.26681529815701915
0,0.19414439768521832,0.12306965427470992,0.39256358570609756,0.2996383291166058,0.2656062331917084
0,0.19560313088942483,0.12273257550859462,0.39333405577681346,0.2982046111576436,0.26436329917680185
0,0.1970789108420442,0.12240798952914615,0.39409269411584397,0.2967636154287419,0.2630861362419075
0,0.19857191263819163,0.12209595345703643,0.39483930495120667,0.29531526413236175,0.2617743663466418
0,0.20008231845841118,0.1217965302025821,0.3955736850838653,0.29385947333969425,0.2604275922902426
0,0.20161031800646861,0.12150978878525605,0.39629562345844244,0.2923961526796549,0.2590453966469531
0,0.20315610898020756,0.1212358046768069,0.39700490070097816,0.29092520500437863,0.2576273406203884
0,0.20471989757831055,0.12097466017004432,0.3977012886206984,0.2894465260289645,0.25617296280958496
0,0.20630189904651663,0.12072644477590795,0.3983845496725195,0.2879600039431281,0.2546817778782911
0,0.20790233826679191,0.12049125565134838,0.3990544363764748,0.2864655189919182,0.2531532751184125
0,0.20952145039372294,0.12026919806115972,0.39971069068995474,0.2849629430225178,0.2515869168972319
0,0.21115948154281278,0.12006038587719618,0.40035304332814803,0.2834521389937644,0.24998213697687893
0,0.21281668953573374,0.11986494211865159,0.4009812130273463,0.2819329604444283,0.2483383386931424
0,0.21449334470858009,0.11968299953786622,0.40159490574543477,0.2804052509161485,0.2466548929791007
0,0.2161897308296951,0.11951470129323663,0.402193813844666,0.2788688433811243,0.24493113623793705
0,0.21790614589695348,0.11936020149645044,0.40277761494294706,0.27732355934344993,0.2431663679243554
0,0.21964290340855017,0.11921966617823204,0.4033459711802423,0.2757692084105603,0.24135984811455785
0,0.22140033334683096,0.11909327397226097,0.4038985278981606,0.2742055872727304,0.23951079464591563
0,0.2231787834553967,0.11898121704830592,0.40443491245588387,0.2726324788629745,0.23761838009186298
0,0.22497862059713214,0.11888370209725754,0.40495473288059464,0.27104965138046905,0.23568172842613488
0,0.22680023224411575,0.11880095141231142,0.40545757638598734,0.2694568572177915,0.23369991136048132
0,0.2286440281154429,0.11873320407810549,0.4059430077427782,0.2678538317801154,0.2316719443159566
0,0.23051044198141396,0.11868071728141295,0.40641056748279825,0.2662402921827991,0.2295967819819793
0,0.23239993365530212,0.11864376775903232,0.40685976991545464,0.26461593581172427,0.22747331341043628
0,0.23431299119722757,0.11862265340096641,0.4072901009320083,0.26298043872826926,0.2253003565838324
0,0.23625013335851158,0.11861769502982879,0.4077010155692812,0.26133345389796375,0.22307665238692917
0,0.23821191229959554,0.11862923838091378,0.4080919352997383,0.2596746092184199,0.2208008578996437
0,0.24019891662003234,0.11865765631137416,0.40846224500940004,0.2580035053180581,0.21847153891539683
0,0.24221177474576788,0.11870335127193674,0.40881128961839974,0.2563197130922307,0.21608716157247834
0,0.24425115872678424,0.11876675808039983,0.40913837029105304,0.2546227709374373,0.21364608296631948
0,0.24631778850790328,0.11884834704338823,0.4094427401727156,0.2529121816372304,0.21114654058651405
0,0.2484124367471386,0.11894862748143267,0.409723599578952,0.25118740884465773,0.2085866403933451
0,0.250535934270353,0.11906815172312725,0.40998009054833223,0.24944787309555774,0.2059643433129853
0,0.2526891762684513,0.11920751964709184,0.41021129065257045,0.24769294727392968,0.20327744988683547
0,0.25487312936505574,0.11936738386662453,0.41041620593610706,0.24592195143453804,0.20052358275646662
0,0.2570888397094854,0.1195484556719051,0.4105937628302093,0.24413414686778936,0.19770016659845183
0,0.25933744228368905,0.11975151186981146,0.41074279885311216,0.24232872926698948,0.1948044050393861
0,0.26162017165409346,0.11997740269288193,0.4108620518650224,0.2405048208262337,0.19183325397538634
0,0.26393837445343266,0.12022706098929692,0.41095014759310217,0.23866146105723765,0.18878339058593765
0,0.266293523946492,0.12050151295705576,0.4110055850724069,0.23679759606184295,0.18565117715981796
0,0.26868723712282333,0.12080189075199066,0.4110267195597188,0.23491206593055125,0.18243261862859136
0,0.2711212948754364,0.12112944738576287,0.41101174236129473,0.2330035898509681,0.17912331241387516
0,0.27359766597695656,0.1214855744437951,0.410958656862977,0.23107074839613823,0.175718388813905
0,0.2761185357675027,0.12187182330453057,0.41086524984860345,0.2291119623115754,0.172212439649127
0,0.2786863407407007,0.12228993074471053,0.41072905691997996,0.22712546691596994,0.16859943220639012
0,0.2813038105851475,0.12274185009265301,0.4105473204613221,0.2251092809538163,0.16487260459587544
0,0.28397401974968095,0.12322978947369603,0.4103169380798892,0.2230611683558739,0.1610243373583963
0,0.28670045132098937,0.12375625923120262,0.41003439874088154,0.22097859083066806,0.15704599437046826
0,0.28948707698700465,0.12432413134167762,0.4096957027892298,0.2188586484345566,0.15292772357961526
0,0.2923384584191639,0.12493671481584322,0.409296260595846,0.21669800419916643,0.1486582043457067
0,0.29525987744454263,0.12559785259805795,0.4088307623793702,0.21449278722585463,0.14422432287017364
0,0.2982575057768789,0.12631204802892262,0.4082930084824376,0.21223846623039358,0.13961074887199446
0,0.3013386300691773,0.1270846326797097,0.40767568432419343,0.20992968171366083,0.13479937409747866
0,0.30451195611003257,0.12792199341615162,0.4069700562087987,0.20756001890267942,0.12976855312147714
0,0.3077880291566538,0.1288318864386936,0.40616555099721874,0.20512169371517866,0.1244920539543551
0,0.3111798297744586,0.12982388285687801,0.4052491602719696,0.2026051071895499,0.11893756999204524
0,0.3147036441841764,0.13091002014360867,0.4042045699937673,0.19999819403433475,0.11306454569107462
0,0.3183803818411466,0.13210578925676839,0.4030108429241913,0.1972854355085692,0.10682088386003291
0,0.32223765845504215,0.13343169668644758,0.40164033568312624,0.19444629745172048,0.10013773842829157
0,0.33860063503672916,0.1399582656815707,0.3943506585175755,0.18244876513896244,0.07009641690024909
0,0.34912561538297643,0.14506148698537857,0.38820627271517266,0.17473169050630766,0.049067491830028315
0,0.3560442184411275,0.14889154620664904,0.38341944017660723,0.16963595327530767,0.03434724428097393
0,0.36066787956519275,0.15169909103747622,0.3798369171151824,0.1662117497280703,0.024043070994833195
0,0.3637968183439606,0.1537267659061577,0.37721732499623944,0.16388274641618136,0.016830149699983102
0,0.36593421460677666,0.1551769302809903,0.37532931566817435,0.16228513021544538,0.011781104798025651
0,0.3674044280685838,0.1562072272278283,0.37398125458378395,0.16118262910720998,0.008246773361284676
0,0.3684208298684172,0.1569359111112855,0.37302469611716477,0.16041857651168098,0.005772741352898906
0,0.36912605472097576,0.15744966657706902,0.3723487911647567,0.1598874926045366,0.004040918945768691
0,0.3696166427672606,0.15781110251173053,0.3718725685854053,0.15951756709322998,0.0028286432551461803
0,0.36995854876111023,0.15806499339401384,0.3715377004286692,0.159259513966719,0.0019800503498068173
0,0.3701971447556836,0.15824315238431438,0.3713025521502881,0.1590793151910866,0.0013860352619884976
0,0.3703637963182031,0.15836807436067576,0.3711375819122455,0.15895338777302934,0.0009702246833741805
0,0.370480307883637,0.15845564923536284,0.3710219579341119,0.15886536844600904,0.0006791572783619508
0,0.3705617238185778,0.1585169611958502,0.3709408789094257,0.15880376456990927,0.00047541009485233264
0,0.37061873740214446,0.15855995389839286,0.3708841459770763,0.15876071624524482,0.00033278706639660634
0,0.37065877271997727,0.15859017206502615,0.37084455871178185,0.15873070572180276,0.00023295094641965824
0,0.37060287812175835,0.158548010848508,0.37073293377561906,0.15864637719225588,0.00016306566371698775
0,0.37060558812955025,0.15855010839520522,0.37069662785189156,0.15861896382578014,0.00011414596516583652
0,0.3706178172413085,0.1585593278722197,0.37069757426432426,0.1586196504826182,0.00010000000022812602
0,0.3706178172413085,0.1585593278722197,0.37069757426432426,0.1586196504826182,0.00010000000022812602
1,0.1474753327427842,0.1474753327427842,0.35252466725721404,0.35252466725721404,0.28998354982588426
1,0.14663001168882484,0.1483336742059817,0.3513728274226846,0.35366916490552774,0.2899694541420744
1,0.14579765865751507,0.14920509016852576,0.3502136977737706,0.3548062662627599,0.28992716440394267
1,0.1449782224056418,0.150089635861971,0.3490473285441657,0.3559359150878365,0.2898566727734746
1,0.14417165316802533,0.15098736799426773,0.34787376806048054,0.3570580532342381,0.28975796611470406
1,0.14337790260355665,0.15189834469498534,0.34669306268916555,0.35817262059773686,0.2896310259965966
1,0.14259692379815264,0.15282262551788314,0.345505256818892,0.3592795550991615,0.2894758286651654
1,0.14182867127151752,0.15376027144744606,0.34431039284011034,0.3603787926641818,0.2892923450061751
1,0.14107310099471312,0.15471134491664162,0.34310851112695173,0.36147026720502323,0.28908054049547316
1,0.1403301704132405,0.15567590983068416,0.3418996500176639,0.3625539106002203,0.2888403751389308
1,0.13959983847347068,0.15665403159472305,0.34068384579203465,0.3636296526707823,0.2885718034027454
1,0.1388820656520084,0.1576457771450957,0.33946113264540706,0.36469742115231973,0.28827477413404823
1,0.1381768139881,0.15865121498434445,0.3382315426593187,0.36575714166307427,0.2879492304715718
1,0.1374840471195061,0.15967041522049982,0.3369951057689581,0.3668087376679644,0.2875951097459324
1,0.1368037303216846,0.1607034496105614,0.3357518497272321,0.36785213043835535,0.28721234336932533
1,0.13613583055064454,0.16175039160863153,0.334501800065577,0.3688872390075901,0.2868008567141642
1,0.13548031648934267,0.16281131641865598,0.33324498005126313,0.36991398012194987,0.2863605689803665
1,0.13483715859795514,0.16388630105221075,0.3319814106412723,0.37093226818701674,0.28589139305076344
1,0.13420632916792688,0.16497542439132387,0.3307111104324852,0.37194201520908826,0.28539323533426614
1,0.13358780238009846,0.16607876725674078,0.3294340956081741,0.3729431307315318,0.2848659955961888
1,0.13298155436690054,0.16719641248172237,0.32815037988054363,0.37393552176572187,0.2843095667752254
1,0.1323875632788672,0.16832844499173863,0.3268599744292419,0.37491909271637053,0.2837238347864404
1,0.13180580935565525,0.169474951890362,0.3255628878356648,0.3758937453009581,0.28310867830957587
1,0.13123627500162416,0.17063602255152308,0.3242591260127506,0.3768593784628517,0.2824639685619991
1,0.13067894486639722,0.17181174871868876,0.322948692130216,0.37781588827792456,0.2817895690554103
1,0.13013380593041965,0.17300222461109543,0.3216315865348134,0.37876316785413766,0.28108533533550795
1,0.1296008475959686,0.17420754703764274,0.3203078066654984,0.3797011072238244,0.28035111470357876
1,0.12908006178373355,0.17542781551870146,0.3189773469631005,0.3806295932281326,0.27958674591905214
1,0.12857144303539628,0.17666313241642967,0.3176401987742471,0.3815485093932138,0.27879205888180564
1,0.12807498862252284,0.17791360307406967,0.31629635024918007,0.3824577357976333,0.277966874293013
1,0.12759069866206307,0.17917933596469235,0.3149457862330168,0.3833571489303876,0.2771110032932185
1,0.12711857623904252,0.18046044285017576,0.3135884881501584,0.3842466215390253,0.27622424707607224
1,0.12665862753670815,0.18175703895086215,0.3122244338812388,0.3851260224670849,0.2753063964762126
1,0.1262108619747837,0.18306924312678183,0.31085359763222803,0.38599521648023,0.27435723152945907
1,0.12577529235628887,0.1843971780711196,0.3094759497950611,0.38685406408023043,0.2733765210034381
1,0.12535193502354797,0.18574097051680316,0.3080914567991992,0.38770242130594407,0.2723640218965205
1,0.12494081002408175,0.18710075145718272,0.3067000809534856,0.38854013952038474,0.2713194789027609
1,0.12454194128705935,0.18847665638176456,0.3053017802775147,0.38936706518280956,0.2702426238403304
1,0.12415535681113334,0.1898688255281468,0.30389650832173243,0.39018303960471906,0.26913317504066825
1,0.12378108886455211,0.1912774041513963,0.3024842139753849,0.39098789868854084,0.26799083669530344
1,0.12341917419849917,0.19270254281219548,0.30106484126132776,0.3917814726476316,0.26681529815702065
1,0.1230696542747103,0.19414439768521866,0.2996383291166049,0.3925635857060966,0.26560623319170656
1,0.122732575508597,0.19560313088942757,0.29820461115764574,0.3933340557768153,0.264363299176801
1,0.12240798952914703,0.19707891084204526,0.29676361542874186,0.39409269411584374,0.26308613624190597
1,0.12209595345703388,0.1985719126381889,0.295315264132358,0.39483930495120306,0.2617743663466403
1,0.12179653020257929,0.20008231845840765,0.2938594733396942,0.395573685083866,0.26042759229024753
1,0.12150978878525998,0.20161031800647322,0.29239615267965713,0.396295623458444,0.2590453966469497
1,0.12123580467680532,0.20315610898020578,0.2909252050043775,0.3970049007009772,0.2576273406203893
1,0.12097466017004736,0.20471989757831408,0.2894465260289658,0.3977012886206992,0.2561729628095818
1,0.12072644477590906,0.2063018990465181,0.2879600039431267,0.3983845496725178,0.25468177787828705
1,0.12049125565134651,0.20790233826678994,0.2864655189919153,0.39905443637647203,0.25315327511841124
1,0.12026919806115938,0.20952145039372252,0.2849629430225173,0.39971069068995424,0.25158691689723167
1,0.12006038587719402,0.2111594815428102,0.28345213899376437,0.40035304332814836,0.2499821369768825
1,0.11986494211864984,0.21281668953573163,0.28193296044442695,0.4009812130273453,0.2483383386931435
1,0.11968299953786632,0.21449334470858042,0.2804052509161459,0.40159490574543194,0.24665489297909654
1,0.1195147012932368,0.21618973082969528,0.2788688433811245,0.4021938138446662,0.24493113623793708
1,0.11936020149644964,0.2179061458969526,0.2773235593434492,0.40277761494294645,0.24316636792435564
1,0.1192196661782344,0.21964290340855278,0.2757692084105629,0.40334597118024473,0.2413598481145579
1,0.11909327397226259,0.22140033334683268,0.27420558727273253,0.4038985278981626,0.23951079464591613
1,0.11898121704830436,0.223178783455395,0.2726324788629725,0.40443491245588203,0.23761838009186262
1,0.11888370209725745,0.224978620597132,0.2710496513804696,0.40495473288059525,0.23568172842613588
1,0.11880095141231176,0.22680023224411605,0.26945685721779195,0.40545757638598784,0.23369991136048154
1,0.11873320407810636,0.22864402811544393,0.26785383178011546,0.4059430077427781,0.2316719443159552
1,0.11868071728141201,0.23051044198141293,0.26624029218279816,0.40641056748279736,0.22959678198197941
1,0.11864376775903267,0.2323999336553026,0.26461593581172377,0.40685976991545403,0.2274733134104349
1,0.1186226534009669,0.23431299119722812,0.26298043872827015,0.40729010093200907,0.22530035658383282
1,0.11861769502983067,0.23625013335851375,0.2613334538979653,0.40770101556928245,0.22307665238692828
1,0.11862923838091434,0.2382119122995962,0.25967460921842034,0.4080919352997387,0.22080085789964343
1,0.11865765631137239,0.2401989166200304,0.2580035053180563,0.4084622450093985,0.21847153891539714
1,0.11870335127193514,0.24221177474576616,0.25631971309222834,0.4088112896183976,0.21608716157247745
1,0.11876675808040113,0.24425115872678574,0.25462277093743874,0.4091383702910544,0.21364608296631946
1,0.11884834704338963,0.24631778850790487,0.25291218163723206,0.409442740172717,0.21114654058651405
1,0.11894862748143248,0.2484124367471383,0.25118740884465796,0.4097235995789523,0.20858664039334582
1,0.11906815172312697,0.25053593427035264,0.24944787309555794,0.40998009054833245,0.20596434331298605
1,0.11920751964709392,0.25268917626845366,0.24769294727393187,0.4102112906525724,0.20327744988683522
1,0.1193673838666238,0.25487312936505496,0.24592195143453735,0.4104162059361064,0.20052358275646673
1,0.1195484556719084,0.257088839709489,0.24413414686779394,0.4105937628302136,0.19770016659845313
1,0.11975151186981324,0.25933744228369093,0.2423287292669937,0.41074279885311626,0.19480440503938937
1,0.11997740269287847,0.26162017165408974,0.24050482082622937,0.4108620518650183,0.19183325397538548
1,0.12022706098929382,0.2639383744534293,0.2386614610572334,0.4109501475930982,0.18878339058593646
1,0.12050151295705469,0.26629352394649075,0.23679759606184247,0.41100558507240664,0.18565117715981908
1,0.12080189075199006,0.26868723712282266,0.23491206593055078,0.4110267195597184,0.18243261862859164
1,0.12112944738576115,0.27112129487543457,0.23300358985096506,0.41101174236129184,0.17912331241387353
1,0.1214855744437946,0.2735976659769562,0.23107074839613628,0.41095865686297495,0.1757183888139028
1,0.1218718233045319,0.2761185357675041,0.22911196231157793,0.41086524984860595,0.1722124396491286
1,0.12228993074470879,0.2786863407406987,0.22712546691596922,0.4107290569199795,0.16859943220639198
1,0.12274185009265759,0.2813038105851522,0.22510928095382446,0.4105473204613301,0.16487260459588024
1,0.12322978947369488,0.28397401974967984,0.22306116835587142,0.4103169380798867,0.16102433735839436
1,0.12375625923121095,0.2867004513209985,0.22097859083067778,0.41003439874089054,0.157045994370469
1,0.12432413134168295,0.2894870769870105,0.21885864843456238,0.4096957027892351,0.15292772357961515
1,0.12493671481584315,0.2923384584191636,0.21669800419916854,0.40929626059584834,0.14865820434571012
1,0.1255978525980594,0.295259877444544,0.21449278722585838,0.408830762379374,0.14422432287017695
1,0.12631204802892196,0.2982575057768784,0.21223846623039025,0.4082930084824341,0.13961074887199046
1,0.12708463267971426,0.3013386300691825,0.20992968171366352,0.4076756843241956,0.13479937409747517
1,0.1279219934161538,0.3045119561100346,0.2075600189026856,0.40697005620880505,0.129768553121483
1,0.1288318864386946,0.3077880291566547,0.2051216937151815,0.4061655509972217,0.12449205395435785
1,0.1298238828568795,0.31117982977445974,0.20260510718955613,0.4052491602719762,0.11893756999205249
1,0.13091002014360661,0.3147036441841743,0.19999819403433078,0.40420456999376336,0.11306454569107201
1,0.13210578925676816,0.3183803818411463,0.19728543550856983,0.403010842924192,0.10682088386003419
1,0.13343169668644086,0.3222376584550362,0.19444629745170214,0.40164033568310714,0.10013773842827406
1,0.1399582656816401,0.33860063503681603,0.1824487651390272,0.39435065851764967,0.07009641690023616
1,0.14506148698547258,0.34912561538310904,0.1747316905063999,0.3882062727152963,0.04906749183002008
1,0.14889154620744605,0.3560442184423773,0.1696359532761314,0.38341944017784996,0.03434724428098441
1,0.15169909103804005,0.3606678795655753,0.16621174972863212,0.379836917115546,0.024043070994816895
1,0.15372676590685058,0.363796818344868,0.1638827464168713,0.37721732499712746,0.01683014969996588
1,0.1551769302681892,0.36593421458690106,0.1622851302023964,0.375329315648235,0.011781104797825268
1,0.15620722725294142,0.36740442809841684,0.16118262913209258,0.37398125461311116,0.008246773360742197
1,0.15693591119169717,0.3684208300028302,0.16041857659250913,0.37302469625137047,0.0057727413529848086
1,0.1574496668531005,0.369126055118326,0.15988749288196302,0.3723487915622495,0.0040409189467238826
1,0.15781110264892004,0.36961664381362414,0.15951756723582503,0.37187256963698045,0.0028286432625636445
1,0.15806499514378156,0.3699585512437687,0.15925951567920188,0.37153770285676224,0.001980050283796089
1,0.15824315052687682,0.3701971421229632,0.15907931331226977,0.371302549493193,0.001386035229651311
1,0.1583680862695855,0.3703638120701942,0.15895339967638206,0.3711375976400797,0.0009702246607558499
1,0.15845561516876244,0.37048026283088015,0.15886533435321845,0.3710219128804136,0.0006791572618111893
1,0.15851698293025723,0.3705617525601478,0.15880378630455286,0.3709409076362714,0.0004754100832519959
1,0.15856010887734429,0.370618942320961,0.15876087125541233,0.3708843508620985,0.0003327870582764099
1,0.1585909285183339,0.37065977284450763,0.1587314622949648,0.3708455587382979,0.00023295094055527608
1,0.1586102852645498,0.37068540483320145,0.15870865870975273,0.370815455107568,0.0001630656572792644
1,0.15862916627994636,0.37071038628671,0.1586980280068418,0.37080142121099013,0.0001141459367201166
1,0.158629468556324,0.37071079075325336,0.15868979608337946,0.3707905440770211,0.0001000000158631495
1,0.15862947083486087,0.37071079376576577,0.15868979835250552,0.3707905470767618,9.999999999996813e-05
