loop_index,branch,row,phi1,phi2,phi1_conj,phi2_conj,gamma,gamma_conj,sigma,delta,thin_ok,reason,n_states,n_uncoated,from_guess,max_dev,cs_total,gamma_coated
0,0,0,0.14747533,0.14747533,0.35252467,0.35252467,nan,-0.06751755,0.01437364,nan,0,coated,1,0,,nan,nan,-0.05307294
1,0,1,0.14833367,0.14663001,0.35366916,0.35137283,nan,-0.06675204,0.01437151,nan,0,coated,1,0,,nan,nan,-0.05230972
2,0,2,0.14920509,0.14579766,0.35480627,0.35021370,nan,-0.06598594,0.01436512,nan,0,coated,1,0,,nan,nan,-0.05155013
3,0,3,0.15008964,0.14497822,0.35593592,0.34904733,nan,-0.06521929,0.01435448,nan,0,coated,1,0,,nan,nan,-0.05079421
4,0,4,0.15098737,0.14417165,0.35705805,0.34787377,nan,-0.06445211,0.01433959,nan,0,coated,1,0,,nan,nan,-0.05004198
5,0,5,0.15189834,0.14337790,0.35817262,0.34669306,nan,-0.06368444,0.01432046,nan,0,coated,1,0,,nan,nan,-0.04929346
6,0,6,0.15282263,0.14259692,0.35927956,0.34550526,nan,-0.06291630,0.01429709,nan,0,coated,1,0,,nan,nan,-0.04854867
7,0,7,0.15376027,0.14182867,0.36037879,0.34431039,nan,-0.06214772,0.01426949,nan,0,coated,1,0,,nan,nan,-0.04780763
8,0,8,0.15471134,0.14107310,0.36147027,0.34310851,nan,-0.06137873,0.01423769,nan,0,coated,1,0,,nan,nan,-0.04707037
9,0,9,0.15567591,0.14033017,0.36255391,0.34189965,nan,-0.06060936,0.01420168,nan,0,coated,1,0,,nan,nan,-0.04633688
10,0,10,0.15665403,0.13959984,0.36362965,0.34068385,nan,-0.05983964,0.01416149,nan,0,coated,1,0,,nan,nan,-0.04560719
11,0,11,0.15764578,0.13888207,0.36469742,0.33946113,nan,-0.05906960,0.01411713,nan,0,coated,1,0,,nan,nan,-0.04488131
12,0,12,0.15865121,0.13817681,0.36575714,0.33823154,nan,-0.05829926,0.01406862,nan,0,coated,1,0,,nan,nan,-0.04415925
13,0,13,0.15967042,0.13748405,0.36680874,0.33699511,nan,-0.05752865,0.01401598,nan,0,coated,1,0,,nan,nan,-0.04344101
14,0,14,0.16070345,0.13680373,0.36785213,0.33575185,nan,-0.05675780,0.01395924,nan,0,coated,1,0,,nan,nan,-0.04272660
15,0,15,0.16175039,0.13613583,0.36888724,0.33450180,-0.03698040,-0.05598674,0.01389841,0.00510793,1,,2,1,lin_thin,0.18684388,0.25921468,-0.04201602
16,0,16,0.16281132,0.13548032,0.36991398,0.33324498,-0.03635516,-0.05521550,0.01383354,0.00502680,1,,2,1,lin_thin,0.18273366,0.24547762,-0.04130927
17,0,17,0.16388630,0.13483716,0.37093227,0.33198141,-0.03573398,-0.05444410,0.01376463,0.00494549,1,,2,1,lin_thin,0.17967010,0.23551825,-0.04060636
18,0,18,0.16497542,0.13420633,0.37194202,0.33071111,-0.03511636,-0.05367257,0.01369173,0.00486449,1,,2,1,lin_thin,0.17712433,0.22740969,-0.03990727
19,0,19,0.16607877,0.13358780,0.37294313,0.32943410,-0.03450201,-0.05290094,0.01361485,0.00478408,1,,2,1,lin_thin,0.17490670,0.22046333,-0.03921201
20,0,20,0.16719641,0.13298155,0.37393552,0.32815038,-0.03389069,-0.05212923,0.01353405,0.00470450,1,,2,1,lin_thin,0.17292278,0.21433736,-0.03852057
21,0,21,0.16832844,0.13238756,0.37491909,0.32685997,-0.03328224,-0.05135748,0.01344935,0.00462590,1,,2,1,lin_thin,0.17111725,0.20883212,-0.03783294
22,0,22,0.16947495,0.13180581,0.37589375,0.32556289,-0.03267650,-0.05058570,0.01336078,0.00454842,1,,2,1,lin_thin,0.16945443,0.20381913,-0.03714911
23,0,23,0.17063602,0.13123628,0.37685938,0.32425913,-0.03207336,-0.04981393,0.01326839,0.00447217,1,,2,1,lin_thin,0.16790953,0.19920948,-0.03646906
24,0,24,0.17181175,0.13067894,0.37781589,0.32294869,-0.03147271,-0.04904218,0.01317221,0.00439726,1,,2,1,lin_thin,0.16646460,0.19493887,-0.03579278
25,0,25,0.17300222,0.13013381,0.37876317,0.32163159,-0.03087443,-0.04827050,0.01307229,0.00432377,1,,2,1,lin_thin,0.16510607,0.19095897,-0.03512025
26,0,26,0.17420755,0.12960085,0.37970111,0.32030781,-0.03027845,-0.04749889,0.01296868,0.00425176,1,,2,1,lin_thin,0.16382343,0.18723236,-0.03445147
27,0,27,0.17542782,0.12908006,0.38062959,0.31897735,-0.02968467,-0.04672739,0.01286140,0.00418132,1,,3,1,lin_thin,0.16260830,0.18372941,-0.03378639
28,0,28,0.17666313,0.12857144,0.38154851,0.31764020,-0.02909302,-0.04595602,0.01275052,0.00411248,1,,3,1,lin_thin,0.16145390,0.18042620,-0.03312501
29,0,29,0.17791360,0.12807499,0.38245774,0.31629635,-0.02850342,-0.04518481,0.01263608,0.00404531,1,,3,1,lin_thin,0.16035465,0.17730313,-0.03246730
30,0,30,0.17917934,0.12759070,0.38335715,0.31494579,-0.02791581,-0.04441378,0.01251813,0.00397984,1,,2,1,lin_thin,0.15930588,0.17434393,-0.03181323
31,0,31,0.18046044,0.12711858,0.38424662,0.31358849,-0.02733012,-0.04364295,0.01239672,0.00391612,1,,2,1,lin_thin,0.15830365,0.17153495,-0.03116276
32,0,32,0.18175704,0.12665863,0.38512602,0.31222443,-0.02674628,-0.04287236,0.01227190,0.00385418,1,,2,1,lin_thin,0.15734461,0.16886465,-0.03051589
33,0,33,0.18306924,0.12621086,0.38599522,0.31085360,-0.02616424,-0.04210202,0.01214373,0.00379405,1,,2,1,lin_thin,0.15642585,0.16632320,-0.02987256
34,0,34,0.18439718,0.12577529,0.38685406,0.30947595,-0.02558394,-0.04133196,0.01201227,0.00373575,1,,2,1,lin_thin,0.15554489,0.16390217,-0.02923274
35,0,35,0.18574097,0.12535194,0.38770242,0.30809146,-0.02500532,-0.04056219,0.01187757,0.00367931,1,,2,1,lin_thin,0.15469953,0.16159435,-0.02859641
36,0,36,0.18710075,0.12494081,0.38854014,0.30670008,-0.02442833,-0.03979275,0.01173970,0.00362473,1,,2,1,lin_thin,0.15388788,0.15939351,-0.02796351
37,0,37,0.18847666,0.12454194,0.38936707,0.30530178,-0.02385291,-0.03902366,0.01159871,0.00357204,1,,2,1,lin_thin,0.15310824,0.15729430,-0.02733401
38,0,38,0.18986883,0.12415536,0.39018304,0.30389651,-0.02327903,-0.03825494,0.01145466,0.00352124,1,,2,1,lin_thin,0.15235915,0.15529212,-0.02670787
39,0,39,0.19127740,0.12378109,0.39098790,0.30248421,-0.02270663,-0.03748660,0.01130763,0.00347234,1,,2,1,lin_thin,0.15163929,0.15338305,-0.02608504
40,0,40,0.19270254,0.12341917,0.39178147,0.30106484,-0.02213566,-0.03671868,0.01115768,0.00342535,1,,2,1,lin_thin,0.15094750,0.15156375,-0.02546548
41,0,41,0.19414440,0.12306965,0.39256359,0.29963833,-0.02156607,-0.03595119,0.01100487,0.00338025,1,,2,1,lin_thin,0.15028276,0.14983143,-0.02484914
42,0,42,0.19560313,0.12273258,0.39333406,0.29820461,-0.02099784,-0.03518416,0.01084927,0.00333705,1,,2,1,lin_thin,0.14964417,0.14818381,-0.02423596
43,0,43,0.19707891,0.12240799,0.39409269,0.29676362,-0.02043090,-0.03441760,0.01069097,0.00329574,1,,2,1,lin_thin,0.14903092,0.14661907,-0.02362590
44,0,44,0.19857191,0.12209595,0.39483930,0.29531526,-0.01986523,-0.03365154,0.01053001,0.00325630,1,,2,1,lin_thin,0.14844233,0.14513583,-0.02301889
45,0,45,0.20008232,0.12179653,0.39557369,0.29385947,-0.01930077,-0.03288600,0.01036650,0.00321873,1,,2,1,lin_thin,0.14787778,0.14373315,-0.02241489
46,0,46,0.20161032,0.12150979,0.39629562,0.29239615,-0.01873750,-0.03212100,0.01020048,0.00318302,1,,2,1,lin_thin,0.14733676,0.14241051,-0.02181384
47,0,47,0.20315611,0.12123580,0.39700490,0.29092521,-0.01817536,-0.03135655,0.01003206,0.00314912,1,,2,1,lin_thin,0.14681883,0.14116780,-0.02121567
48,0,48,0.20471990,0.12097466,0.39770129,0.28944653,-0.01761434,-0.03059267,0.00986129,0.00311704,1,,2,1,lin_thin,0.14632364,0.14000537,-0.02062032
49,0,49,0.20630190,0.12072644,0.39838455,0.28796000,-0.01705438,-0.02982939,0.00968827,0.00308674,1,,2,1,lin_thin,0.14585090,0.13892400,-0.02002773
50,0,50,0.20790234,0.12049126,0.39905444,0.28646552,-0.01649546,-0.02906673,0.00951308,0.00305818,1,,2,1,lin_thin,0.14540042,0.13792492,-0.01943782
51,0,51,0.20952145,0.12026920,0.39971069,0.28496294,-0.01593755,-0.02830469,0.00933579,0.00303135,1,,2,1,lin_thin,0.14497208,0.13700990,-0.01885054
52,0,52,0.21115948,0.12006039,0.40035304,0.28345214,-0.01538060,-0.02754331,0.00915650,0.00300621,1,,2,1,lin_thin,0.14456586,0.13618123,-0.01826581
53,0,53,0.21281669,0.11986494,0.40098121,0.28193296,-0.01482459,-0.02678259,0.00897529,0.00298270,1,,2,1,lin_thin,0.14418180,0.13544181,-0.01768355
54,0,54,0.21449334,0.11968300,0.40159491,0.28040525,-0.01426949,-0.02602255,0.00879225,0.00296081,1,,2,1,lin_thin,0.14382006,0.13479522,-0.01710370
55,0,55,0.21618973,0.11951470,0.40219381,0.27886884,-0.01371527,-0.02526321,0.00860748,0.00294047,1,,2,1,lin_thin,0.14348091,0.13424579,-0.01652616
56,0,56,0.21790615,0.11936020,0.40277761,0.27732356,-0.01316190,-0.02450459,0.00842105,0.00292164,1,,2,1,lin_thin,0.14316472,0.13379873,-0.01595087
57,0,57,0.21964290,0.11921967,0.40334597,0.27576921,-0.01260936,-0.02374671,0.00823307,0.00290428,1,,2,1,lin_thin,0.14287203,0.13346024,-0.01537774
58,0,58,0.22140033,0.11909327,0.40389853,0.27420559,-0.01205762,-0.02298957,0.00804363,0.00288831,1,,2,1,lin_thin,0.14260351,0.13323774,-0.01480669
59,0,59,0.22317878,0.11898122,0.40443491,0.27263248,-0.01150667,-0.02223319,0.00785284,0.00287369,1,,2,1,lin_thin,0.14236003,0.13314003,-0.01423762
60,0,60,0.22497862,0.11888370,0.40495473,0.27104965,-0.01095647,-0.02147760,0.00766078,0.00286035,1,,2,1,lin_thin,0.14214270,0.13317764,-0.01367045
61,0,61,0.22680023,0.11880095,0.40545758,0.26945686,-0.01040701,-0.02072279,0.00746756,0.00284821,1,,2,1,lin_thin,0.14195288,0.13336312,-0.01310509
62,0,62,0.22864403,0.11873320,0.40594301,0.26785383,-0.00985829,-0.01996879,0.00727329,0.00283722,1,,2,1,lin_thin,0.14179230,0.13371162,-0.01254144
63,0,63,0.23051044,0.11868072,0.40641057,0.26624029,-0.00931027,-0.01921561,0.00707807,0.00282728,1,,2,1,lin_thin,0.14166311,0.13424147,-0.01197941
64,0,64,0.23239993,0.11864377,0.40685977,0.26461594,-0.00876296,-0.01846327,0.00688200,0.00281831,1,,2,1,lin_thin,0.14156802,0.13497508,-0.01141889
65,0,65,0.23431299,0.11862265,0.40729010,0.26298044,-0.00821634,-0.01771177,0.00668520,0.00281022,1,,2,1,lin_thin,0.14151046,0.13594018,-0.01085979
66,0,66,0.23625013,0.11861770,0.40770102,0.26133345,-0.00767042,-0.01696112,0.00648778,0.00280292,1,,2,1,lin_thin,0.14149485,0.13717155,-0.01030199
67,0,67,0.23821191,0.11862924,0.40809194,0.25967461,-0.00712520,-0.01621135,0.00628986,0.00279629,1,,2,1,lin_thin,0.14152696,0.13871357,-0.00974540
68,0,68,0.24019892,0.11865766,0.40846225,0.25800351,-0.00658069,-0.01546245,0.00609154,0.00279022,1,,2,1,lin_thin,0.14161447,0.14062413,-0.00918990
69,0,69,0.24221177,0.11870335,0.40881129,0.25631971,-0.00603691,-0.01471444,0.00589295,0.00278458,1,,2,1,lin_thin,0.14176792,0.14298079,-0.00863537
70,0,70,0.24425116,0.11876676,0.40913837,0.25462277,-0.00549389,-0.01396733,0.00569422,0.00277922,1,,2,1,lin_thin,0.14200223,0.14589124,-0.00808170
71,0,71,0.24631779,0.11884835,0.40944274,0.25291218,-0.00495169,-0.01322114,0.00549546,0.00277399,1,,2,1,lin_thin,0.14233957,0.14951206,-0.00752877
72,0,72,0.24841244,0.11894863,0.40972360,0.25118741,-0.00441037,-0.01247586,0.00529681,0.00276868,1,,2,1,lin_thin,0.14281513,0.15408618,-0.00697646
73,0,73,0.25053593,0.11906815,0.40998009,0.24944787,-0.00387006,-0.01173150,0.00509839,0.00276305,1,,2,1,lin_thin,0.14349037,0.16002866,-0.00642464
74,0,74,0.25268918,0.11920752,0.41021129,0.24769295,-0.00333093,-0.01098808,0.00490034,0.00275681,1,,2,1,lin_thin,0.14449075,0.16816727,-0.00587317
75,0,75,0.25487313,0.11936738,0.41041621,0.24592195,-0.00279334,-0.01024559,0.00470280,0.00274945,1,,2,1,lin_thin,0.14616818,0.18076740,-0.00532194
76,0,76,0.25708884,0.11954846,0.41059376,0.24413415,nan,-0.00950405,0.00450592,nan,0,coated,1,0,,nan,nan,-0.00477080
77,0,77,0.25933744,0.11975151,0.41074280,0.24232873,nan,-0.00876346,0.00430983,nan,0,coated,1,0,,nan,nan,-0.00421960
78,0,78,0.26162017,0.11997740,0.41086205,0.24050482,nan,-0.00802382,0.00411468,nan,0,coated,1,0,,nan,nan,-0.00366821
79,0,79,0.26393837,0.12022706,0.41095015,0.23866146,nan,-0.00728514,0.00392064,nan,0,coated,1,0,,nan,nan,-0.00311648
80,0,80,0.26629352,0.12050151,0.41100559,0.23679760,nan,-0.00654741,0.00372786,nan,0,coated,1,0,,nan,nan,-0.00256426
81,0,81,0.26868724,0.12080189,0.41102672,0.23491207,nan,-0.00581064,0.00353651,nan,0,coated,1,0,,nan,nan,-0.00201138
82,0,82,0.27112129,0.12112945,0.41101174,0.23300359,nan,-0.00507483,0.00334676,nan,0,coated,1,0,,nan,nan,-0.00145770
83,0,83,0.27359767,0.12148557,0.41095866,0.23107075,nan,-0.00433996,0.00315880,nan,0,coated,1,0,,nan,nan,-0.00090304
84,0,84,0.27611854,0.12187182,0.41086525,0.22911196,nan,-0.00360605,0.00297279,nan,0,coated,1,0,,nan,nan,-0.00034723
85,0,85,0.27868634,0.12228993,0.41072906,0.22712547,nan,-0.00287308,0.00278895,nan,0,coated,1,0,,nan,nan,0.00020989
86,0,86,0.28130381,0.12274185,0.41054732,0.22510928,nan,-0.00214104,0.00260747,nan,0,coated,1,0,,nan,nan,0.00076851
87,0,87,0.28397402,0.12322979,0.41031694,0.22306117,nan,-0.00140992,0.00242856,nan,0,coated,1,0,,nan,nan,0.00132880
88,0,88,0.28670045,0.12375626,0.41003440,0.22097859,nan,-0.00067971,0.00225246,nan,0,coated,1,0,,nan,nan,0.00189096
89,0,89,0.28948708,0.12432413,0.40969570,0.21885865,nan,0.00004962,0.00207940,nan,0,coated,1,0,,nan,nan,0.00245517
90,0,90,0.29233846,0.12493671,0.40929626,0.21669800,nan,0.00077808,0.00190962,nan,0,coated,1,0,,nan,nan,0.00302163
91,0,91,0.29525988,0.12559785,0.40883076,0.21449279,nan,0.00150571,0.00174341,nan,0,coated,1,0,,nan,nan,0.00359054
92,0,92,0.29825751,0.12631205,0.40829301,0.21223847,nan,0.00223253,0.00158104,nan,0,coated,1,0,,nan,nan,0.00416210
93,0,93,0.30133863,0.12708463,0.40767568,0.20992968,nan,0.00295859,0.00142283,nan,0,coated,1,0,,nan,nan,0.00473650
94,0,94,0.30451196,0.12792199,0.40697006,0.20756002,nan,0.00368394,0.00126911,nan,0,coated,1,0,,nan,nan,0.00531397
95,0,95,0.30778803,0.12883189,0.40616555,0.20512169,nan,0.00440864,0.00112027,nan,0,coated,1,0,,nan,nan,0.00589470
96,0,96,0.31117983,0.12982388,0.40524916,0.20260511,nan,0.00513278,0.00097669,nan,0,coated,1,0,,nan,nan,0.00647889
97,0,97,0.31470364,0.13091002,0.40420457,0.19999819,nan,0.00585645,0.00083885,nan,0,coated,1,0,,nan,nan,0.00706675
98,0,98,0.31838038,0.13210579,0.40301084,0.19728544,nan,0.00657977,0.00070726,nan,0,coated,1,0,,nan,nan,0.00765845
99,0,99,0.32223766,0.13343170,0.40164034,0.19444630,nan,0.00730292,0.00058252,nan,0,coated,1,0,,nan,nan,0.00825415
100,0,100,0.33860064,0.13995827,0.39435066,0.18244877,nan,0.00993571,0.00019965,nan,0,coated,1,0,,nan,nan,0.01045480
101,0,101,0.34912562,0.14506149,0.38820627,0.17473169,nan,0.01121172,0.00006845,nan,0,coated,1,0,,nan,nan,0.01152857
102,0,102,0.35604422,0.14889155,0.38341944,0.16963595,nan,0.01184105,0.00002348,nan,0,coated,1,0,,nan,nan,0.01204761
103,0,103,0.36066788,0.15169909,0.37983692,0.16621175,nan,0.01215566,0.00000805,nan,0,coated,1,0,,nan,nan,0.01229516
104,0,104,0.36379682,0.15372677,0.37721732,0.16388275,nan,0.01231512,0.00000276,nan,0,coated,1,0,,nan,nan,0.01241105
105,0,105,0.36593421,0.15517693,0.37532932,0.16228513,nan,0.01239725,0.00000095,nan,0,coated,1,0,,nan,nan,0.01246381
106,0,106,0.36740443,0.15620723,0.37398125,0.16118263,nan,0.01244038,0.00000032,nan,0,coated,1,0,,nan,nan,0.01248677
107,0,107,0.36842083,0.15693591,0.37302470,0.16041858,nan,0.01246357,0.00000011,nan,0,coated,1,0,,nan,nan,0.01249597
108,0,108,0.36912605,0.15744967,0.37234879,0.15988749,nan,0.01247637,0.00000004,nan,0,coated,1,0,,nan,nan,0.01249903
109,0,109,0.36961664,0.15781110,0.37187257,0.15951757,nan,0.01248366,0.00000001,nan,0,coated,1,0,,nan,nan,0.01249952
110,0,110,0.36995855,0.15806499,0.37153770,0.15925951,nan,0.01248795,0.00000000,nan,0,coated,1,0,,nan,nan,0.01249904
111,0,111,0.37019714,0.15824315,0.37130255,0.15907932,nan,0.01249055,0.00000000,nan,0,coated,1,0,,nan,nan,0.01249831
112,0,112,0.37036380,0.15836807,0.37113758,0.15895339,nan,0.01249217,0.00000000,nan,0,coated,1,0,,nan,nan,0.01249761
113,0,113,0.37048031,0.15845565,0.37102196,0.15886537,nan,0.01249321,0.00000000,nan,0,coated,1,0,,nan,nan,0.01249701
114,0,114,0.37056172,0.15851696,0.37094088,0.15880376,nan,0.01249389,0.00000000,nan,0,coated,1,0,,nan,nan,0.01249655
115,0,115,0.37061874,0.15855995,0.37088415,0.15876072,nan,0.01249434,0.00000000,nan,0,coated,1,0,,nan,nan,0.01249621
116,0,116,0.37065877,0.15859017,0.37084456,0.15873071,nan,0.01249465,0.00000000,nan,0,coated,1,0,,nan,nan,0.01249595
117,0,117,0.37060288,0.15854801,0.37073293,0.15864638,nan,0.01249538,0.00000000,nan,0,coated,1,0,,nan,nan,0.01249630
118,0,118,0.37060559,0.15855011,0.37069663,0.15861896,nan,0.01249561,0.00000000,nan,0,coated,1,0,,nan,nan,0.01249625
119,0,119,0.37061782,0.15855933,0.37069757,0.15861965,nan,0.01249562,0.00000000,nan,0,coated,1,0,,nan,nan,0.01249618
120,0,120,0.37061782,0.15855933,0.37069757,0.15861965,nan,0.01249562,0.00000000,nan,0,coated,1,0,,nan,nan,0.01249618
121,0,120,0.37069757,0.15861965,0.37061782,0.15855933,0.01249562,nan,0.00000000,nan,1,,1,1,lin_thin,0.16067999,0.46482112,nan
122,0,119,0.37069757,0.15861965,0.37061782,0.15855933,0.01249562,nan,0.00000000,nan,1,,1,1,lin_thin,0.16067999,0.46482112,nan
123,0,118,0.37069663,0.15861896,0.37060559,0.15855011,0.01249561,nan,0.00000000,nan,1,,1,1,lin_thin,0.16068058,0.46483152,nan
124,0,117,0.37073293,0.15864638,0.37060288,0.15854801,0.01249538,nan,0.00000000,nan,1,,1,1,lin_thin,0.16065834,0.46444195,nan
125,0,116,0.37084456,0.15873071,0.37065877,0.15859017,0.01249465,nan,0.00000000,nan,1,,1,1,lin_thin,0.16059001,0.46324402,nan
126,0,115,0.37088415,0.15876072,0.37061874,0.15855995,0.01249434,nan,0.00000000,nan,1,,1,1,lin_thin,0.16056584,0.46281989,nan
127,0,114,0.37094088,0.15880376,0.37056172,0.15851696,0.01249389,nan,0.00000000,nan,1,,1,1,lin_thin,0.16053125,0.46221222,nan
128,0,113,0.37102196,0.15886537,0.37048031,0.15845565,0.01249321,nan,0.00000000,nan,1,,1,1,lin_thin,0.16048187,0.46134412,nan
129,0,112,0.37113758,0.15895339,0.37036380,0.15836807,0.01249217,nan,0.00000000,nan,1,,1,1,lin_thin,0.16041160,0.46010684,nan
130,0,111,0.37130255,0.15907932,0.37019714,0.15824315,0.01249055,nan,0.00000000,nan,1,,1,1,lin_thin,0.16031163,0.45834293,nan
131,0,110,0.37153770,0.15925951,0.36995855,0.15806499,0.01248795,nan,0.00000000,nan,1,,1,1,lin_thin,0.16016972,0.45583154,nan
132,0,109,0.37187257,0.15951757,0.36961664,0.15781110,0.01248366,nan,0.00000001,nan,1,,1,1,lin_thin,0.15996881,0.45226107,nan
133,0,108,0.37234879,0.15988749,0.36912605,0.15744967,0.01247637,nan,0.00000004,nan,1,,1,1,lin_thin,0.15968550,0.44719565,nan
134,0,107,0.37302470,0.16041858,0.36842083,0.15693591,0.01246357,nan,0.00000011,nan,1,,1,1,lin_thin,0.15928825,0.44003155,nan
135,0,106,0.37398125,0.16118263,0.36740443,0.15620723,0.01244038,nan,0.00000032,nan,1,,1,1,lin_thin,0.15873582,0.42994518,nan
136,0,105,0.37532932,0.16228513,0.36593421,0.15517693,0.01239725,nan,0.00000095,nan,1,,1,1,lin_thin,0.15797680,0.41584011,nan
137,0,104,0.37721732,0.16388275,0.36379682,0.15372677,0.01231512,nan,0.00000276,nan,1,,1,1,lin_thin,0.15695233,0.39631552,nan
138,0,103,0.37983692,0.16621175,0.36066788,0.15169909,0.01215566,nan,0.00000805,nan,1,,1,1,lin_thin,0.15560576,0.36971143,nan
139,0,102,0.38341944,0.16963595,0.35604422,0.14889155,0.01184105,nan,0.00002348,nan,1,,1,1,lin_thin,0.15390542,0.33435399,nan
140,0,101,0.38820627,0.17473169,0.34912562,0.14506149,0.01121172,nan,0.00006845,nan,1,,1,1,lin_thin,0.15188710,0.28923668,nan
141,0,100,0.39435066,0.18244877,0.33860064,0.13995827,0.00993571,nan,0.00019965,nan,1,,1,1,lin_thin,0.14971339,0.23542507,nan
142,0,99,0.40164034,0.19444630,0.32223766,0.13343170,0.00730292,nan,0.00058252,nan,1,,1,1,lin_thin,0.14771480,0.17790857,nan
143,0,98,0.40301084,0.19728544,0.31838038,0.13210579,0.00657977,nan,0.00070726,nan,1,,1,1,lin_thin,0.14740591,0.16775401,nan
144,0,97,0.40420457,0.19999819,0.31470364,0.13091002,0.00585645,nan,0.00083885,nan,1,,1,1,lin_thin,0.14715354,0.15901212,nan
145,0,96,0.40524916,0.20260511,0.31117983,0.12982388,0.00513278,nan,0.00097669,nan,1,,1,1,lin_thin,0.14694530,0.15139851,nan
146,0,95,0.40616555,0.20512169,0.30778803,0.12883189,0.00440864,nan,0.00112027,nan,1,,1,1,lin_thin,0.14677226,0.14470295,nan
147,0,94,0.40697006,0.20756002,0.30451196,0.12792199,0.00368394,nan,0.00126911,nan,1,,1,1,lin_thin,0.14662776,0.13876574,nan
148,0,93,0.40767568,0.20992968,0.30133863,0.12708463,0.00295859,nan,0.00142283,nan,1,,1,1,lin_thin,0.14650673,0.13346305,nan
149,0,92,0.40829301,0.21223847,0.29825751,0.12631205,0.00223253,nan,0.00158104,nan,1,,1,1,lin_thin,0.14640525,0.12869721,nan
150,0,91,0.40883076,0.21449279,0.29525988,0.12559785,0.00150571,nan,0.00174341,nan,1,,1,1,lin_thin,0.14632020,0.12438997,nan
151,0,90,0.40929626,0.21669800,0.29233846,0.12493671,0.00077808,nan,0.00190962,nan,1,,1,1,lin_thin,0.14624910,0.12047787,nan
152,0,89,0.40969570,0.21885865,0.28948708,0.12432413,0.00004962,nan,0.00207940,nan,1,,1,1,lin_thin,0.14618994,0.11690884,nan
153,0,88,0.41003440,0.22097859,0.28670045,0.12375626,-0.00067971,nan,0.00225246,nan,1,,1,1,lin_thin,0.14614107,0.11363971,nan
154,0,87,0.41031694,0.22306117,0.28397402,0.12322979,-0.00140992,nan,0.00242856,nan,1,,1,1,lin_thin,0.14610113,0.11063441,nan
155,0,86,0.41054732,0.22510928,0.28130381,0.12274185,-0.00214104,nan,0.00260747,nan,1,,1,1,lin_thin,0.14606899,0.10786251,nan
156,0,85,0.41072906,0.22712547,0.27868634,0.12228993,-0.00287308,nan,0.00278895,nan,1,,1,1,lin_thin,0.14604368,0.10529820,nan
157,0,84,0.41086525,0.22911196,0.27611854,0.12187182,-0.00360605,nan,0.00297279,nan,1,,1,1,lin_thin,0.14602440,0.10291939,nan
158,0,83,0.41095866,0.23107075,0.27359767,0.12148557,-0.00433996,nan,0.00315880,nan,1,,1,1,lin_thin,0.14601046,0.10070710,nan
159,0,82,0.41101174,0.23300359,0.27112129,0.12112945,-0.00507483,nan,0.00334676,nan,1,,1,1,lin_thin,0.14600127,0.09864491,nan
160,0,81,0.41102672,0.23491207,0.26868724,0.12080189,-0.00581064,nan,0.00353651,nan,1,,1,1,lin_thin,0.14599633,0.09671854,nan
161,0,80,0.41100559,0.23679760,0.26629352,0.12050151,-0.00654741,nan,0.00372786,nan,1,,1,1,lin_thin,0.14599519,0.09491552,nan
162,0,79,0.41095015,0.23866146,0.26393837,0.12022706,-0.00728514,nan,0.00392064,nan,1,,1,1,lin_thin,0.14599748,0.09322490,nan
163,0,78,0.41086205,0.24050482,0.26162017,0.11997740,-0.00802382,nan,0.00411468,nan,1,,1,1,lin_thin,0.14600285,0.09163706,nan
164,0,77,0.41074280,0.24232873,0.25933744,0.11975151,-0.00876346,nan,0.00430983,nan,1,,1,1,lin_thin,0.14601102,0.09014341,nan
165,0,76,0.41059376,0.24413415,0.25708884,0.11954846,-0.00950405,nan,0.00450592,nan,1,,1,1,lin_thin,0.14602174,0.08873641,nan
166,0,75,0.41041621,0.24592195,0.25487313,0.11936738,-0.01024559,-0.00279334,0.00470280,-0.01215506,1,,1,1,lin_thin,0.14603477,0.08740930,nan
167,0,74,0.41021129,0.24769295,0.25268918,0.11920752,-0.01098808,-0.00333093,0.00490034,-0.01255749,1,,1,1,lin_thin,0.14604991,0.08615605,nan
168,0,73,0.40998009,0.24944787,0.25053593,0.11906815,-0.01173150,-0.00387006,0.00509839,-0.01295983,1,,1,1,lin_thin,0.14606700,0.08497123,nan
169,0,72,0.40972360,0.25118741,0.24841244,0.11894863,-0.01247586,-0.00441037,0.00529681,-0.01336229,1,,1,1,lin_thin,0.14608588,0.08385000,nan
170,0,71,0.40944274,0.25291218,0.24631779,0.11884835,-0.01322114,-0.00495169,0.00549546,-0.01376491,1,,1,1,lin_thin,0.14610640,0.08278794,nan
171,0,70,0.40913837,0.25462277,0.24425116,0.11876676,-0.01396733,-0.00549389,0.00569422,-0.01416766,1,,1,1,lin_thin,0.14612844,0.08178110,nan
172,0,69,0.40881129,0.25631971,0.24221177,0.11870335,-0.01471444,-0.00603691,0.00589295,-0.01457049,1,,1,1,lin_thin,0.14615188,0.08082588,nan
173,0,68,0.40846225,0.25800351,0.24019892,0.11865766,-0.01546245,-0.00658069,0.00609154,-0.01497330,1,,1,1,lin_thin,0.14617665,0.07991902,nan
174,0,67,0.40809194,0.25967461,0.23821191,0.11862924,-0.01621135,-0.00712520,0.00628986,-0.01537600,1,,1,1,lin_thin,0.14620263,0.07905753,nan
175,0,66,0.40770102,0.26133345,0.23625013,0.11861770,-0.01696112,-0.00767042,0.00648778,-0.01577849,1,,1,1,lin_thin,0.14622975,0.07823870,nan
176,0,65,0.40729010,0.26298044,0.23431299,0.11862265,-0.01771177,-0.00821634,0.00668520,-0.01618063,1,,1,1,lin_thin,0.14625795,0.07746006,nan
177,0,64,0.40685977,0.26461594,0.23239993,0.11864377,-0.01846327,-0.00876296,0.00688200,-0.01658231,1,,1,1,lin_thin,0.14628716,0.07671933,nan
178,0,63,0.40641057,0.26624029,0.23051044,0.11868072,-0.01921561,-0.00931027,0.00707807,-0.01698341,1,,1,1,lin_thin,0.14631731,0.07601444,nan
179,0,62,0.40594301,0.26785383,0.22864403,0.11873320,-0.01996879,-0.00985829,0.00727329,-0.01738380,1,,1,1,lin_thin,0.14634837,0.07534345,nan
180,0,61,0.40545758,0.26945686,0.22680023,0.11880095,-0.02072279,-0.01040701,0.00746756,-0.01778334,1,,1,1,lin_thin,0.14638028,0.07470463,nan
181,0,60,0.40495473,0.27104965,0.22497862,0.11888370,-0.02147760,-0.01095647,0.00766078,-0.01818191,1,,1,1,lin_thin,0.14641300,0.07409633,nan
182,0,59,0.40443491,0.27263248,0.22317878,0.11898122,-0.02223319,-0.01150667,0.00785284,-0.01857937,1,,1,1,lin_thin,0.14644649,0.07351706,nan
183,0,58,0.40389853,0.27420559,0.22140033,0.11909327,-0.02298957,-0.01205762,0.00804363,-0.01897558,1,,1,1,lin_thin,0.14648073,0.07296544,nan
184,0,57,0.40334597,0.27576921,0.21964290,0.11921967,-0.02374671,-0.01260936,0.00823307,-0.01937042,1,,1,1,lin_thin,0.14651568,0.07244018,nan
185,0,56,0.40277761,0.27732356,0.21790615,0.11936020,-0.02450459,-0.01316190,0.00842105,-0.01976374,1,,1,1,lin_thin,0.14655132,0.07194010,nan
186,0,55,0.40219381,0.27886884,0.21618973,0.11951470,-0.02526321,-0.01371527,0.00860748,-0.02015542,1,,1,1,lin_thin,0.14658763,0.07146410,nan
187,0,54,0.40159491,0.28040525,0.21449334,0.11968300,-0.02602255,-0.01426949,0.00879225,-0.02054532,1,,1,1,lin_thin,0.14662457,0.07101114,nan
188,0,53,0.40098121,0.28193296,0.21281669,0.11986494,-0.02678259,-0.01482459,0.00897529,-0.02093329,1,,1,1,lin_thin,0.14666215,0.07058029,nan
189,0,52,0.40035304,0.28345214,0.21115948,0.12006039,-0.02754331,-0.01538060,0.00915650,-0.02131921,1,,1,1,lin_thin,0.14670033,0.07017066,nan
190,0,51,0.39971069,0.28496294,0.20952145,0.12026920,-0.02830469,-0.01593755,0.00933579,-0.02170294,1,,1,1,lin_thin,0.14673912,0.06978142,nan
191,0,50,0.39905444,0.28646552,0.20790234,0.12049126,-0.02906673,-0.01649546,0.00951308,-0.02208434,1,,1,1,lin_thin,0.14677848,0.06941180,nan
192,0,49,0.39838455,0.28796000,0.20630190,0.12072644,-0.02982939,-0.01705438,0.00968827,-0.02246328,1,,1,1,lin_thin,0.14681843,0.06906110,nan
193,0,48,0.39770129,0.28944653,0.20471990,0.12097466,-0.03059267,-0.01761434,0.00986129,-0.02283963,1,,1,1,lin_thin,0.14685894,0.06872865,nan
194,0,47,0.39700490,0.29092521,0.20315611,0.12123580,-0.03135655,-0.01817536,0.01003206,-0.02321324,1,,1,1,lin_thin,0.14690002,0.06841381,nan
195,0,46,0.39629562,0.29239615,0.20161032,0.12150979,-0.03212100,-0.01873750,0.01020048,-0.02358398,1,,1,1,lin_thin,0.14694165,0.06811602,nan
196,0,45,0.39557369,0.29385947,0.20008232,0.12179653,-0.03288600,-0.01930077,0.01036650,-0.02395173,1,,1,1,lin_thin,0.14698384,0.06783473,nan
197,0,44,0.39483930,0.29531526,0.19857191,0.12209595,-0.03365154,-0.01986523,0.01053001,-0.02431633,1,,1,1,lin_thin,0.14702658,0.06756942,nan
198,0,43,0.39409269,0.29676362,0.19707891,0.12240799,-0.03441760,-0.02043090,0.01069097,-0.02467767,1,,1,1,lin_thin,0.14706988,0.06731964,nan
199,0,42,0.39333406,0.29820461,0.19560313,0.12273258,-0.03518416,-0.02099784,0.01084927,-0.02503560,1,,1,1,lin_thin,0.14711372,0.06708493,nan
200,0,41,0.39256359,0.29963833,0.19414440,0.12306965,-0.03595119,-0.02156607,0.01100487,-0.02538999,1,,1,1,lin_thin,0.14715812,0.06686488,nan
201,0,40,0.39178147,0.30106484,0.19270254,0.12341917,-0.03671868,-0.02213566,0.01115768,-0.02574070,1,,1,1,lin_thin,0.14720307,0.06665910,nan
202,0,39,0.39098790,0.30248421,0.19127740,0.12378109,-0.03748660,-0.02270663,0.01130763,-0.02608761,1,,1,1,lin_thin,0.14724859,0.06646723,nan
203,0,38,0.39018304,0.30389651,0.18986883,0.12415536,-0.03825494,-0.02327903,0.01145466,-0.02643057,1,,1,1,lin_thin,0.14729466,0.06628893,nan
204,0,37,0.38936707,0.30530178,0.18847666,0.12454194,-0.03902366,-0.02385291,0.01159871,-0.02676945,1,,1,1,lin_thin,0.14734131,0.06612389,nan
205,0,36,0.38854014,0.30670008,0.18710075,0.12494081,-0.03979275,-0.02442833,0.01173970,-0.02710412,1,,1,1,lin_thin,0.14738853,0.06597182,nan
206,0,35,0.38770242,0.30809146,0.18574097,0.12535194,-0.04056219,-0.02500532,0.01187757,-0.02743445,1,,1,1,lin_thin,0.14743634,0.06583243,nan
207,0,34,0.38685406,0.30947595,0.18439718,0.12577529,-0.04133196,-0.02558394,0.01201227,-0.02776029,1,,1,1,lin_thin,0.14748474,0.06570548,nan
208,0,33,0.38599522,0.31085360,0.18306924,0.12621086,-0.04210202,-0.02616424,0.01214373,-0.02808151,1,,1,1,lin_thin,0.14753373,0.06559072,nan
209,0,32,0.38512602,0.31222443,0.18175704,0.12665863,-0.04287236,-0.02674628,0.01227190,-0.02839798,1,,1,1,lin_thin,0.14758333,0.06548793,nan
210,0,31,0.38424662,0.31358849,0.18046044,0.12711858,-0.04364295,-0.02733012,0.01239672,-0.02870955,1,,1,1,lin_thin,0.14763356,0.06539692,nan
211,0,30,0.38335715,0.31494579,0.17917934,0.12759070,-0.04441378,-0.02791581,0.01251813,-0.02901609,1,,1,1,lin_thin,0.14768441,0.06531748,nan
212,0,29,0.38245774,0.31629635,0.17791360,0.12807499,-0.04518481,-0.02850342,0.01263608,-0.02931747,1,,1,1,lin_thin,0.14773591,0.06524944,nan
213,0,28,0.38154851,0.31764020,0.17666313,0.12857144,-0.04595602,-0.02909302,0.01275052,-0.02961352,1,,1,1,lin_thin,0.14778806,0.06519264,nan
214,0,27,0.38062959,0.31897735,0.17542782,0.12908006,-0.04672739,-0.02968467,0.01286140,-0.02990412,1,,1,1,lin_thin,0.14784088,0.06514694,nan
215,0,26,0.37970111,0.32030781,0.17420755,0.12960085,-0.04749889,-0.03027845,0.01296868,-0.03018912,1,,1,1,lin_thin,0.14789437,0.06511219,nan
216,0,25,0.37876317,0.32163159,0.17300222,0.13013381,-0.04827050,-0.03087443,0.01307229,-0.03046836,1,,1,1,lin_thin,0.14794857,0.06508828,nan
217,0,24,0.37781589,0.32294869,0.17181175,0.13067894,-0.04904218,-0.03147271,0.01317221,-0.03074169,1,,1,1,lin_thin,0.14800348,0.06507509,nan
218,0,23,0.37685938,0.32425913,0.17063602,0.13123628,-0.04981393,-0.03207336,0.01326839,-0.03100895,1,,1,1,lin_thin,0.14805911,0.06507251,nan
219,0,22,0.37589375,0.32556289,0.16947495,0.13180581,-0.05058570,-0.03267650,0.01336078,-0.03126998,1,,1,1,lin_thin,0.14811549,0.06508047,nan
220,0,21,0.37491909,0.32685997,0.16832844,0.13238756,-0.05135748,-0.03328224,0.01344935,-0.03152459,1,,1,1,lin_thin,0.14817264,0.06509887,nan
221,0,20,0.37393552,0.32815038,0.16719641,0.13298155,-0.05212923,-0.03389069,0.01353405,-0.03177260,1,,1,1,lin_thin,0.14823056,0.06512765,nan
222,0,19,0.37294313,0.32943410,0.16607877,0.13358780,-0.05290094,-0.03450201,0.01361485,-0.03201379,1,,1,1,lin_thin,0.14828928,0.06516675,nan
223,0,18,0.37194202,0.33071111,0.16497542,0.13420633,-0.05367257,-0.03511636,0.01369173,-0.03224794,1,,1,1,lin_thin,0.14834882,0.06521612,nan
224,0,17,0.37093227,0.33198141,0.16388630,0.13483716,-0.05444410,-0.03573398,0.01376463,-0.03247475,1,,1,1,lin_thin,0.14840920,0.06527571,nan
225,0,16,0.36991398,0.33324498,0.16281132,0.13548032,-0.05521550,-0.03635516,0.01383354,-0.03269387,1,,1,1,lin_thin,0.14847044,0.06534550,nan
226,0,15,0.36888724,0.33450180,0.16175039,0.13613583,-0.05598674,-0.03698040,0.01389841,-0.03290475,1,,1,1,lin_thin,0.14853256,0.06542547,nan
227,0,14,0.36785213,0.33575185,0.16070345,0.13680373,-0.05675780,nan,0.01395924,nan,1,,1,1,lin_thin,0.14859559,0.06551558,nan
228,0,13,0.36680874,0.33699511,0.15967042,0.13748405,-0.05752865,nan,0.01401598,nan,1,,1,1,lin_thin,0.14865954,0.06561585,nan
229,0,12,0.36575714,0.33823154,0.15865121,0.13817681,-0.05829926,nan,0.01406862,nan,1,,1,1,lin_thin,0.14872445,0.06572627,nan
230,0,11,0.36469742,0.33946113,0.15764578,0.13888207,-0.05906960,nan,0.01411713,nan,1,,1,1,lin_thin,0.14879034,0.06584685,nan
231,0,10,0.36362965,0.34068385,0.15665403,0.13959984,-0.05983964,nan,0.01416149,nan,1,,1,1,lin_thin,0.14885723,0.06597762,nan
232,0,9,0.36255391,0.34189965,0.15567591,0.14033017,-0.06060936,nan,0.01420168,nan,1,,1,1,lin_thin,0.14892514,0.06611859,nan
233,0,8,0.36147027,0.34310851,0.15471134,0.14107310,-0.06137873,nan,0.01423769,nan,1,,1,1,lin_thin,0.14899412,0.06626980,nan
234,0,7,0.36037879,0.34431039,0.15376027,0.14182867,-0.06214772,nan,0.01426949,nan,1,,1,1,lin_thin,0.14906418,0.06643130,nan
235,0,6,0.35927956,0.34550526,0.15282263,0.14259692,-0.06291630,nan,0.01429709,nan,1,,1,1,lin_thin,0.14913536,0.06660314,nan
236,0,5,0.35817262,0.34669306,0.15189834,0.14337790,-0.06368444,nan,0.01432046,nan,1,,1,1,lin_thin,0.14920769,0.06678537,nan
237,0,4,0.35705805,0.34787377,0.15098737,0.14417165,-0.06445211,nan,0.01433959,nan,1,,1,1,lin_thin,0.14928119,0.06697806,nan
238,0,3,0.35593592,0.34904733,0.15008964,0.14497822,-0.06521929,nan,0.01435448,nan,1,,1,1,lin_thin,0.14935590,0.06718130,nan
239,0,2,0.35480627,0.35021370,0.14920509,0.14579766,-0.06598594,nan,0.01436512,nan,1,,1,1,lin_thin,0.14943186,0.06739515,nan
240,0,1,0.35366916,0.35137283,0.14833367,0.14663001,-0.06675204,nan,0.01437151,nan,1,,1,1,lin_thin,0.14950909,0.06761971,nan
241,0,0,0.35252467,0.35252467,0.14747533,0.14747533,-0.06751755,nan,0.01437364,nan,1,,1,1,lin_thin,0.14958763,0.06785509,nan
242,1,0,0.35252467,0.35252467,0.14747533,0.14747533,-0.06751755,nan,0.01437364,nan,1,,1,1,lin_thin,0.14958763,0.06785509,nan
243,1,1,0.35137283,0.35366916,0.14663001,0.14833367,-0.06828245,nan,0.01437151,nan,1,,1,1,lin_thin,0.14966753,0.06810138,nan
244,1,2,0.35021370,0.35480627,0.14579766,0.14920509,-0.06904671,nan,0.01436512,nan,1,,1,1,lin_thin,0.14974881,0.06835871,nan
245,1,3,0.34904733,0.35593592,0.14497822,0.15008964,-0.06981030,nan,0.01435448,nan,1,,1,1,lin_thin,0.14983152,0.06862721,nan
246,1,4,0.34787377,0.35705805,0.14417165,0.15098737,-0.07057318,nan,0.01433959,nan,1,,1,1,lin_thin,0.14991570,0.06890699,nan
247,1,5,0.34669306,0.35817262,0.14337790,0.15189834,-0.07133533,nan,0.01432046,nan,1,,1,1,lin_thin,0.15000138,0.06919822,nan
248,1,6,0.34550526,0.35927956,0.14259692,0.15282263,-0.07209672,nan,0.01429709,nan,1,,1,1,lin_thin,0.15008862,0.06950103,nan
249,1,7,0.34431039,0.36037879,0.14182867,0.15376027,-0.07285733,nan,0.01426949,nan,1,,1,1,lin_thin,0.15017745,0.06981560,nan
250,1,8,0.34310851,0.36147027,0.14107310,0.15471134,-0.07361711,nan,0.01423769,nan,1,,1,1,lin_thin,0.15026792,0.07014210,nan
251,1,9,0.34189965,0.36255391,0.14033017,0.15567591,-0.07437604,nan,0.01420168,nan,1,,1,1,lin_thin,0.15036008,0.07048070,nan
252,1,10,0.34068385,0.36362965,0.13959984,0.15665403,-0.07513409,nan,0.01416149,nan,1,,1,1,lin_thin,0.15045398,0.07083160,nan
253,1,11,0.33946113,0.36469742,0.13888207,0.15764578,-0.07589123,nan,0.01411713,nan,1,,1,1,lin_thin,0.15054967,0.07119500,nan
254,1,12,0.33823154,0.36575714,0.13817681,0.15865121,-0.07664743,nan,0.01406862,nan,1,,1,1,lin_thin,0.15064719,0.07157111,nan
255,1,13,0.33699511,0.36680874,0.13748405,0.15967042,-0.07740266,nan,0.01401598,nan,1,,1,1,lin_thin,0.15074661,0.07196015,nan
256,1,14,0.33575185,0.36785213,0.13680373,0.16070345,-0.07815689,nan,0.01395924,nan,1,,1,1,lin_thin,0.15084798,0.07236237,nan
257,1,15,0.33450180,0.36888724,0.13613583,0.16175039,-0.07891009,nan,0.01389841,nan,1,,1,1,lin_thin,0.15095135,0.07277801,nan
258,1,16,0.33324498,0.36991398,0.13548032,0.16281132,-0.07966222,nan,0.01383354,nan,1,,1,1,lin_thin,0.15105679,0.07320733,nan
259,1,17,0.33198141,0.37093227,0.13483716,0.16388630,-0.08041327,nan,0.01376463,nan,1,,1,1,lin_thin,0.15116435,0.07365060,nan
260,1,18,0.33071111,0.37194202,0.13420633,0.16497542,-0.08116320,nan,0.01369173,nan,1,,1,1,lin_thin,0.15127411,0.07410811,nan
261,1,19,0.32943410,0.37294313,0.13358780,0.16607877,-0.08191198,nan,0.01361485,nan,1,,1,1,lin_thin,0.15138612,0.07458016,nan
262,1,20,0.32815038,0.37393552,0.13298155,0.16719641,-0.08265958,nan,0.01353405,nan,1,,1,1,lin_thin,0.15150045,0.07506706,nan
263,1,21,0.32685997,0.37491909,0.13238756,0.16832844,-0.08340597,nan,0.01344935,nan,1,,1,1,lin_thin,0.15161718,0.07556915,nan
264,1,22,0.32556289,0.37589375,0.13180581,0.16947495,-0.08415112,nan,0.01336078,nan,1,,1,1,lin_thin,0.15173638,0.07608677,nan
265,1,23,0.32425913,0.37685938,0.13123628,0.17063602,-0.08489500,nan,0.01326839,nan,1,,1,1,lin_thin,0.15185811,0.07662028,nan
266,1,24,0.32294869,0.37781589,0.13067894,0.17181175,-0.08563758,nan,0.01317221,nan,1,,1,1,lin_thin,0.15198247,0.07717006,nan
267,1,25,0.32163159,0.37876317,0.13013381,0.17300222,-0.08637883,nan,0.01307229,nan,1,,1,1,lin_thin,0.15210953,0.07773652,nan
268,1,26,0.32030781,0.37970111,0.12960085,0.17420755,-0.08711872,nan,0.01296868,nan,1,,1,1,lin_thin,0.15223937,0.07832006,nan
269,1,27,0.31897735,0.38062959,0.12908006,0.17542782,-0.08785723,nan,0.01286140,nan,1,,1,1,lin_thin,0.15237209,0.07892112,nan
270,1,28,0.31764020,0.38154851,0.12857144,0.17666313,-0.08859431,nan,0.01275052,nan,1,,1,1,lin_thin,0.15250776,0.07954016,nan
271,1,29,0.31629635,0.38245774,0.12807499,0.17791360,-0.08932994,nan,0.01263608,nan,1,,1,1,lin_thin,0.15264649,0.08017767,nan
272,1,30,0.31494579,0.38335715,0.12759070,0.17917934,-0.09006409,nan,0.01251813,nan,1,,1,1,lin_thin,0.15278838,0.08083413,nan
273,1,31,0.31358849,0.38424662,0.12711858,0.18046044,-0.09079674,nan,0.01239672,nan,1,,1,1,lin_thin,0.15293352,0.08151008,nan
274,1,32,0.31222443,0.38512602,0.12665863,0.18175704,-0.09152784,nan,0.01227190,nan,1,,1,1,lin_thin,0.15308201,0.08220608,nan
275,1,33,0.31085360,0.38599522,0.12621086,0.18306924,-0.09225738,nan,0.01214373,nan,1,,1,1,lin_thin,0.15323397,0.08292269,nan
276,1,34,0.30947595,0.38685406,0.12577529,0.18439718,-0.09298532,nan,0.01201227,nan,1,,1,1,lin_thin,0.15338952,0.08366053,nan
277,1,35,0.30809146,0.38770242,0.12535194,0.18574097,-0.09371163,nan,0.01187757,nan,1,,1,1,lin_thin,0.15354875,0.08442023,nan
278,1,36,0.30670008,0.38854014,0.12494081,0.18710075,-0.09443628,nan,0.01173970,nan,1,,1,1,lin_thin,0.15371181,0.08520247,nan
279,1,37,0.30530178,0.38936707,0.12454194,0.18847666,-0.09515924,nan,0.01159871,nan,1,,1,1,lin_thin,0.15387882,0.08600794,nan
280,1,38,0.30389651,0.39018304,0.12415536,0.18986883,-0.09588048,nan,0.01145466,nan,1,,1,1,lin_thin,0.15404991,0.08683739,nan
281,1,39,0.30248421,0.39098790,0.12378109,0.19127740,-0.09659998,nan,0.01130763,nan,1,,1,1,lin_thin,0.15422521,0.08769159,nan
282,1,40,0.30106484,0.39178147,0.12341917,0.19270254,-0.09731769,nan,0.01115768,nan,1,,1,1,lin_thin,0.15440488,0.08857136,nan
283,1,41,0.29963833,0.39256359,0.12306965,0.19414440,-0.09803360,nan,0.01100487,nan,1,,1,1,lin_thin,0.15458905,0.08947756,nan
284,1,42,0.29820461,0.39333406,0.12273258,0.19560313,-0.09874767,nan,0.01084927,nan,1,,1,1,lin_thin,0.15477790,0.09041108,nan
285,1,43,0.29676362,0.39409269,0.12240799,0.19707891,-0.09945987,nan,0.01069097,nan,1,,1,1,lin_thin,0.15497158,0.09137290,nan
286,1,44,0.29531526,0.39483930,0.12209595,0.19857191,-0.10017017,nan,0.01053001,nan,1,,1,1,lin_thin,0.15517026,0.09236400,nan
287,1,45,0.29385947,0.39557369,0.12179653,0.20008232,-0.10087855,nan,0.01036650,nan,1,,1,1,lin_thin,0.15537412,0.09338545,nan
288,1,46,0.29239615,0.39629562,0.12150979,0.20161032,-0.10158496,nan,0.01020048,nan,1,,1,1,lin_thin,0.15558335,0.09443836,nan
289,1,47,0.29092521,0.39700490,0.12123580,0.20315611,-0.10228938,nan,0.01003206,nan,1,,1,1,lin_thin,0.15579814,0.09552392,nan
290,1,48,0.28944653,0.39770129,0.12097466,0.20471990,-0.10299179,nan,0.00986129,nan,1,,1,1,lin_thin,0.15601870,0.09664337,nan
291,1,49,0.28796000,0.39838455,0.12072644,0.20630190,-0.10369214,nan,0.00968827,nan,1,,1,1,lin_thin,0.15624524,0.09779803,nan
292,1,50,0.28646552,0.39905444,0.12049126,0.20790234,-0.10439041,nan,0.00951308,nan,1,,1,1,lin_thin,0.15647798,0.09898930,nan
293,1,51,0.28496294,0.39971069,0.12026920,0.20952145,-0.10508656,nan,0.00933579,nan,1,,1,1,lin_thin,0.15671716,0.10021865,nan
294,1,52,0.28345214,0.40035304,0.12006039,0.21115948,-0.10578057,nan,0.00915650,nan,1,,1,1,lin_thin,0.15696303,0.10148766,nan
295,1,53,0.28193296,0.40098121,0.11986494,0.21281669,-0.10647240,nan,0.00897529,nan,1,,1,1,lin_thin,0.15721585,0.10279799,nan
296,1,54,0.28040525,0.40159491,0.11968300,0.21449334,-0.10716203,nan,0.00879225,nan,1,,1,1,lin_thin,0.15747588,0.10415140,nan
297,1,55,0.27886884,0.40219381,0.11951470,0.21618973,-0.10784941,nan,0.00860748,nan,1,,1,1,lin_thin,0.15774342,0.10554977,nan
298,1,56,0.27732356,0.40277761,0.11936020,0.21790615,-0.10853452,nan,0.00842105,nan,1,,1,1,lin_thin,0.15801876,0.10699510,nan
299,1,57,0.27576921,0.40334597,0.11921967,0.21964290,-0.10921733,nan,0.00823307,nan,1,,1,1,lin_thin,0.15830223,0.10848952,nan
300,1,58,0.27420559,0.40389853,0.11909327,0.22140033,-0.10989779,nan,0.00804363,nan,1,,1,1,lin_thin,0.15859415,0.11003530,nan
301,1,59,0.27263248,0.40443491,0.11898122,0.22317878,-0.11057589,nan,0.00785284,nan,1,,1,1,lin_thin,0.15889489,0.11163487,nan
302,1,60,0.27104965,0.40495473,0.11888370,0.22497862,-0.11125158,nan,0.00766078,nan,1,,1,1,lin_thin,0.15920482,0.11329080,nan
303,1,61,0.26945686,0.40545758,0.11880095,0.22680023,-0.11192483,nan,0.00746756,nan,1,,1,1,lin_thin,0.15952433,0.11500588,nan
304,1,62,0.26785383,0.40594301,0.11873320,0.22864403,-0.11259560,nan,0.00727329,nan,1,,1,1,lin_thin,0.15985384,0.11678308,nan
305,1,63,0.26624029,0.40641057,0.11868072,0.23051044,-0.11326387,nan,0.00707807,nan,1,,1,1,lin_thin,0.16019379,0.11862557,nan
306,1,64,0.26461594,0.40685977,0.11864377,0.23239993,-0.11392959,nan,0.00688200,nan,1,,1,1,lin_thin,0.16054466,0.12053680,nan
307,1,65,0.26298044,0.40729010,0.11862265,0.23431299,-0.11459272,nan,0.00668520,nan,1,,1,1,lin_thin,0.16090695,0.12252043,nan
308,1,66,0.26133345,0.40770102,0.11861770,0.23625013,-0.11525324,nan,0.00648778,nan,1,,1,1,lin_thin,0.16128119,0.12458044,nan
309,1,67,0.25967461,0.40809194,0.11862924,0.23821191,-0.11591110,nan,0.00628986,nan,1,,1,1,lin_thin,0.16166794,0.12672112,nan
310,1,68,0.25800351,0.40846225,0.11865766,0.24019892,-0.11656627,nan,0.00609154,nan,1,,1,1,lin_thin,0.16206782,0.12894710,nan
311,1,69,0.25631971,0.40881129,0.11870335,0.24221177,-0.11721869,nan,0.00589295,nan,1,,1,1,lin_thin,0.16248147,0.13126340,nan
312,1,70,0.25462277,0.40913837,0.11876676,0.24425116,-0.11786835,nan,0.00569422,nan,1,,1,1,lin_thin,0.16290957,0.13367545,nan
313,1,71,0.25291218,0.40944274,0.11884835,0.24631779,-0.11851518,nan,0.00549546,nan,1,,1,1,lin_thin,0.16335288,0.13618919,nan
314,1,72,0.25118741,0.40972360,0.11894863,0.24841244,-0.11915916,nan,0.00529681,nan,1,,1,1,lin_thin,0.16381219,0.13881105,nan
315,1,73,0.24944787,0.40998009,0.11906815,0.25053593,-0.11980023,nan,0.00509839,nan,1,,1,1,lin_thin,0.16428835,0.14154807,nan
316,1,74,0.24769295,0.41021129,0.11920752,0.25268918,-0.12043835,nan,0.00490034,nan,1,,1,1,lin_thin,0.16478230,0.14440794,nan
317,1,75,0.24592195,0.41041621,0.11936738,0.25487313,-0.12107347,nan,0.00470280,nan,1,,1,1,lin_thin,0.16529502,0.14739913,nan
318,1,76,0.24413415,0.41059376,0.11954846,0.25708884,-0.12170555,nan,0.00450592,nan,1,,1,1,lin_thin,0.16582760,0.15053089,nan
319,1,77,0.24232873,0.41074280,0.11975151,0.25933744,-0.12233454,nan,0.00430983,nan,1,,1,1,lin_thin,0.16638121,0.15381347,nan
320,1,78,0.24050482,0.41086205,0.11997740,0.26162017,-0.12296038,nan,0.00411468,nan,1,,1,1,lin_thin,0.16695712,0.15725816,nan
321,1,79,0.23866146,0.41095015,0.12022706,0.26393837,-0.12358301,nan,0.00392064,nan,1,,1,1,lin_thin,0.16755673,0.16087750,nan
322,1,80,0.23679760,0.41100559,0.12050151,0.26629352,-0.12420240,nan,0.00372786,nan,1,,1,1,lin_thin,0.16818156,0.16468543,nan
323,1,81,0.23491207,0.41102672,0.12080189,0.26868724,-0.12481846,nan,0.00353651,nan,1,,1,1,lin_thin,0.16883328,0.16869747,nan
324,1,82,0.23300359,0.41101174,0.12112945,0.27112129,-0.12543115,nan,0.00334676,nan,1,,1,1,lin_thin,0.16951373,0.17293105,nan
325,1,83,0.23107075,0.41095866,0.12148557,0.27359767,-0.12604039,nan,0.00315880,nan,1,,1,1,lin_thin,0.17022495,0.17740572,nan
326,1,84,0.22911196,0.41086525,0.12187182,0.27611854,-0.12664613,nan,0.00297279,nan,1,,1,1,lin_thin,0.17096919,0.18214355,nan
327,1,85,0.22712547,0.41072906,0.12228993,0.27868634,-0.12724828,nan,0.00278895,nan,1,,1,1,lin_thin,0.17174898,0.18716957,nan
328,1,86,0.22510928,0.41054732,0.12274185,0.28130381,-0.12784677,nan,0.00260747,nan,1,,1,1,lin_thin,0.17256713,0.19251225,nan
329,1,87,0.22306117,0.41031694,0.12322979,0.28397402,-0.12844153,nan,0.00242856,nan,1,,1,1,lin_thin,0.17342683,0.19820421,nan
330,1,88,0.22097859,0.41003440,0.12375626,0.28670045,-0.12903245,nan,0.00225246,nan,1,,1,1,lin_thin,0.17433166,0.20428298,nan
331,1,89,0.21885865,0.40969570,0.12432413,0.28948708,-0.12961945,nan,0.00207940,nan,1,,1,1,lin_thin,0.17528575,0.21079203,nan
332,1,90,0.21669800,0.40929626,0.12493671,0.29233846,-0.13020243,nan,0.00190962,nan,1,,1,1,lin_thin,0.17629380,0.21778203,nan
333,1,91,0.21449279,0.40883076,0.12559785,0.29525988,-0.13078128,nan,0.00174341,nan,1,,1,1,lin_thin,0.17736126,0.22531250,nan
334,1,92,0.21223847,0.40829301,0.12631205,0.29825751,-0.13135588,nan,0.00158104,nan,1,,1,1,lin_thin,0.17849451,0.23345398,nan
335,1,93,0.20992968,0.40767568,0.12708463,0.30133863,-0.13192609,nan,0.00142283,nan,1,,1,1,lin_thin,0.17970108,0.24229080,nan
336,1,94,0.20756002,0.40697006,0.12792199,0.30451196,-0.13249177,nan,0.00126911,nan,1,,1,1,lin_thin,0.18098995,0.25192488,nan
337,1,95,0.20512169,0.40616555,0.12883189,0.30778803,-0.13305276,nan,0.00112027,nan,1,,1,1,lin_thin,0.18237200,0.26248097,nan
338,1,96,0.20260511,0.40524916,0.12982388,0.31117983,-0.13360887,nan,0.00097669,nan,1,,1,1,lin_thin,0.18386062,0.27411404,nan
339,1,97,0.19999819,0.40420457,0.13091002,0.31470364,-0.13415987,nan,0.00083885,nan,1,,1,1,lin_thin,0.18547261,0.28701985,nan
340,1,98,0.19728544,0.40301084,0.13210579,0.31838038,-0.13470552,nan,0.00070726,nan,1,,1,1,lin_thin,0.18722950,0.30145110,nan
341,1,99,0.19444630,0.40164034,0.13343170,0.32223766,-0.13524550,nan,0.00058252,nan,1,,1,1,lin_thin,0.18915976,0.31774257,nan
342,1,100,0.18244877,0.39435066,0.13995827,0.33860064,-0.13715311,nan,0.00019965,nan,1,,1,1,lin_thin,0.19847901,0.40253448,nan
343,1,101,0.17473169,0.38820627,0.14506149,0.34912562,-0.13802762,nan,0.00006845,nan,1,,1,1,lin_thin,0.20563323,0.47375660,nan
344,1,102,0.16963595,0.38341944,0.14889155,0.35604422,-0.13843246,nan,0.00002348,nan,1,,1,1,lin_thin,0.21095009,0.52948002,nan
345,1,103,0.16621175,0.37983692,0.15169909,0.36066788,-0.13861829,nan,0.00000805,nan,1,,1,1,lin_thin,0.21482224,0.57128079,nan
346,1,104,0.16388275,0.37721732,0.15372677,0.36379682,-0.13870137,nan,0.00000276,nan,1,,1,1,lin_thin,0.21760589,0.60186445,nan
347,1,105,0.16228513,0.37532932,0.15517693,0.36593421,-0.13873663,nan,0.00000095,nan,1,,1,1,lin_thin,0.21959009,0.62390240,nan
348,1,106,0.16118263,0.37398125,0.15620723,0.36740443,-0.13875010,nan,0.00000032,nan,1,,1,1,lin_thin,0.22099641,0.63963038,nan
349,1,107,0.16041858,0.37302470,0.15693591,0.36842083,-0.13875404,nan,0.00000011,nan,1,,1,1,lin_thin,0.22198933,0.65078528,nan
350,1,108,0.15988749,0.37234879,0.15744967,0.36912606,-0.13875409,nan,0.00000004,nan,1,,1,1,lin_thin,0.22268851,0.65866385,nan
351,1,109,0.15951757,0.37187257,0.15781110,0.36961664,-0.13875281,nan,0.00000001,nan,1,,1,1,lin_thin,0.22317998,0.66421299,nan
352,1,110,0.15925952,0.37153770,0.15806500,0.36995855,-0.13875126,nan,0.00000000,nan,1,,1,1,lin_thin,0.22352500,0.66811401,nan
353,1,111,0.15907931,0.37130255,0.15824315,0.37019714,-0.13874986,nan,0.00000000,nan,1,,1,1,lin_thin,0.22376700,0.67085291,nan
354,1,112,0.15895340,0.37113760,0.15836809,0.37036381,-0.13874872,nan,0.00000000,nan,1,,1,1,lin_thin,0.22393662,0.67277389,nan
355,1,113,0.15886533,0.37102191,0.15845562,0.37048026,-0.13874785,nan,0.00000000,nan,1,,1,1,lin_thin,0.22405552,0.67412099,nan
356,1,114,0.15880379,0.37094091,0.15851698,0.37056175,-0.13874720,nan,0.00000000,nan,1,,1,1,lin_thin,0.22413874,0.67506420,nan
357,1,115,0.15876087,0.37088435,0.15856011,0.37061894,-0.13874673,nan,0.00000000,nan,1,,1,1,lin_thin,0.22419683,0.67572270,nan
358,1,116,0.15873146,0.37084556,0.15859093,0.37065977,-0.13874640,nan,0.00000000,nan,1,,1,1,lin_thin,0.22423666,0.67617434,nan
359,1,117,0.15870866,0.37081546,0.15861029,0.37068540,-0.13874614,nan,0.00000000,nan,1,,1,1,lin_thin,0.22426757,0.67652483,nan
360,1,118,0.15869803,0.37080142,0.15862917,0.37071039,-0.13874602,nan,0.00000000,nan,1,,1,1,lin_thin,0.22428198,0.67668821,nan
361,1,119,0.15868980,0.37079054,0.15862947,0.37071079,-0.13874592,nan,0.00000000,nan,1,,1,1,lin_thin,0.22429315,0.67681485,nan
362,1,120,0.15868980,0.37079055,0.15862947,0.37071079,-0.13874592,nan,0.00000000,nan,1,,1,1,lin_thin,0.22429314,0.67681482,nan
363,1,120,0.15862947,0.37071079,0.15868980,0.37079055,nan,-0.13874592,0.00000000,nan,0,coated,1,0,,nan,nan,-0.13874520
364,1,119,0.15862947,0.37071079,0.15868980,0.37079054,nan,-0.13874592,0.00000000,nan,0,coated,1,0,,nan,nan,-0.13874520
365,1,118,0.15862917,0.37071039,0.15869803,0.37080142,nan,-0.13874602,0.00000000,nan,0,coated,1,0,,nan,nan,-0.13874519
366,1,117,0.15861029,0.37068540,0.15870866,0.37081546,nan,-0.13874614,0.00000000,nan,0,coated,1,0,,nan,nan,-0.13874496
367,1,116,0.15859093,0.37065977,0.15873146,0.37084556,nan,-0.13874640,0.00000000,nan,0,coated,1,0,,nan,nan,-0.13874472
368,1,115,0.15856011,0.37061894,0.15876087,0.37088435,nan,-0.13874673,0.00000000,nan,0,coated,1,0,,nan,nan,-0.13874433
369,1,114,0.15851698,0.37056175,0.15880379,0.37094091,nan,-0.13874720,0.00000000,nan,0,coated,1,0,,nan,nan,-0.13874377
370,1,113,0.15845562,0.37048026,0.15886533,0.37102191,nan,-0.13874785,0.00000000,nan,0,coated,1,0,,nan,nan,-0.13874294
371,1,112,0.15836809,0.37036381,0.15895340,0.37113760,nan,-0.13874872,0.00000000,nan,0,coated,1,0,,nan,nan,-0.13874171
372,1,111,0.15824315,0.37019714,0.15907931,0.37130255,nan,-0.13874986,0.00000000,nan,0,coated,1,0,,nan,nan,-0.13873985
373,1,110,0.15806500,0.36995855,0.15925952,0.37153770,nan,-0.13875126,0.00000000,nan,0,coated,1,0,,nan,nan,-0.13873696
374,1,109,0.15781110,0.36961664,0.15951757,0.37187257,nan,-0.13875281,0.00000001,nan,0,coated,1,0,,nan,nan,-0.13873237
375,1,108,0.15744967,0.36912606,0.15988749,0.37234879,nan,-0.13875409,0.00000004,nan,0,coated,1,0,,nan,nan,-0.13872488
376,1,107,0.15693591,0.36842083,0.16041858,0.37302470,nan,-0.13875404,0.00000011,nan,0,coated,1,0,,nan,nan,-0.13871227
377,1,106,0.15620723,0.36740443,0.16118263,0.37398125,nan,-0.13875010,0.00000032,nan,0,coated,1,0,,nan,nan,-0.13869035
378,1,105,0.15517693,0.36593421,0.16228513,0.37532932,nan,-0.13873663,0.00000095,nan,0,coated,1,0,,nan,nan,-0.13865100
379,1,104,0.15372677,0.36379682,0.16388275,0.37721732,nan,-0.13870137,0.00000276,nan,0,coated,1,0,,nan,nan,-0.13857828
380,1,103,0.15169909,0.36066788,0.16621175,0.37983692,nan,-0.13861829,0.00000805,nan,0,coated,1,0,,nan,nan,-0.13844020
381,1,102,0.14889155,0.35604422,0.16963595,0.38341944,nan,-0.13843246,0.00002348,nan,0,coated,1,0,,nan,nan,-0.13817142
382,1,101,0.14506149,0.34912562,0.17473169,0.38820627,nan,-0.13802762,0.00006845,nan,0,coated,1,0,,nan,nan,-0.13763490
383,1,100,0.13995827,0.33860064,0.18244877,0.39435066,nan,-0.13715311,0.00019965,nan,0,coated,1,0,,nan,nan,-0.13653173
384,1,99,0.13343170,0.32223766,0.19444630,0.40164034,nan,-0.13524550,0.00058252,nan,0,coated,1,0,,nan,nan,-0.13416691
385,1,98,0.13210579,0.31838038,0.19728544,0.40301084,nan,-0.13470552,0.00070726,nan,0,coated,1,0,,nan,nan,-0.13349645
386,1,97,0.13091002,0.31470364,0.19999819,0.40420457,nan,-0.13415987,0.00083885,nan,0,coated,1,0,,nan,nan,-0.13281726
387,1,96,0.12982388,0.31117983,0.20260511,0.40524916,nan,-0.13360887,0.00097669,nan,0,coated,1,0,,nan,nan,-0.13212945
388,1,95,0.12883189,0.30778803,0.20512169,0.40616555,nan,-0.13305276,0.00112027,nan,0,coated,1,0,,nan,nan,-0.13143320
389,1,94,0.12792199,0.30451196,0.20756002,0.40697006,nan,-0.13249177,0.00126911,nan,0,coated,1,0,,nan,nan,-0.13072868
390,1,93,0.12708463,0.30133863,0.20992968,0.40767568,nan,-0.13192609,0.00142283,nan,0,coated,1,0,,nan,nan,-0.13001611
391,1,92,0.12631205,0.29825751,0.21223847,0.40829301,nan,-0.13135588,0.00158104,nan,0,coated,1,0,,nan,nan,-0.12929570
392,1,91,0.12559785,0.29525988,0.21449279,0.40883076,nan,-0.13078128,0.00174341,nan,0,coated,1,0,,nan,nan,-0.12856769
393,1,90,0.12493671,0.29233846,0.21669800,0.40929626,nan,-0.13020243,0.00190962,nan,0,coated,1,0,,nan,nan,-0.12783228
394,1,89,0.12432413,0.28948708,0.21885865,0.40969570,nan,-0.12961945,0.00207940,nan,0,coated,1,0,,nan,nan,-0.12708973
395,1,88,0.12375626,0.28670045,0.22097859,0.41003440,nan,-0.12903245,0.00225246,nan,0,coated,1,0,,nan,nan,-0.12634025
396,1,87,0.12322979,0.28397402,0.22306117,0.41031694,nan,-0.12844153,0.00242856,nan,0,coated,1,0,,nan,nan,-0.12558407
397,1,86,0.12274185,0.28130381,0.22510928,0.41054732,nan,-0.12784677,0.00260747,nan,0,coated,1,0,,nan,nan,-0.12482142
398,1,85,0.12228993,0.27868634,0.22712547,0.41072906,nan,-0.12724828,0.00278895,nan,0,coated,1,0,,nan,nan,-0.12405254
399,1,84,0.12187182,0.27611854,0.22911196,0.41086525,nan,-0.12664613,0.00297279,nan,0,coated,1,0,,nan,nan,-0.12327763
400,1,83,0.12148557,0.27359767,0.23107075,0.41095866,nan,-0.12604039,0.00315880,nan,0,coated,1,0,,nan,nan,-0.12249693
401,1,82,0.12112945,0.27112129,0.23300359,0.41101174,nan,-0.12543115,0.00334676,nan,0,coated,1,0,,nan,nan,-0.12171064
402,1,81,0.12080189,0.26868724,0.23491207,0.41102672,nan,-0.12481846,0.00353651,nan,0,coated,1,0,,nan,nan,-0.12091899
403,1,80,0.12050151,0.26629352,0.23679760,0.41100559,nan,-0.12420240,0.00372786,nan,0,coated,1,0,,nan,nan,-0.12012219
404,1,79,0.12022706,0.26393837,0.23866146,0.41095015,nan,-0.12358301,0.00392064,nan,0,coated,1,0,,nan,nan,-0.11932044
405,1,78,0.11997740,0.26162017,0.24050482,0.41086205,nan,-0.12296038,0.00411468,nan,0,coated,1,0,,nan,nan,-0.11851394
406,1,77,0.11975151,0.25933744,0.24232873,0.41074280,nan,-0.12233454,0.00430983,nan,0,coated,1,0,,nan,nan,-0.11770291
407,1,76,0.11954846,0.25708884,0.24413415,0.41059376,nan,-0.12170555,0.00450592,nan,0,coated,1,0,,nan,nan,-0.11688752
408,1,75,0.11936738,0.25487313,0.24592195,0.41041621,nan,-0.12107347,0.00470280,nan,0,coated,1,0,,nan,nan,-0.11606799
409,1,74,0.11920752,0.25268918,0.24769295,0.41021129,nan,-0.12043835,0.00490034,nan,0,coated,1,0,,nan,nan,-0.11524449
410,1,73,0.11906815,0.25053593,0.24944787,0.40998009,nan,-0.11980023,0.00509839,nan,0,coated,1,0,,nan,nan,-0.11441722
411,1,72,0.11894863,0.24841244,0.25118741,0.40972360,nan,-0.11915916,0.00529681,nan,0,coated,1,0,,nan,nan,-0.11358636
412,1,71,0.11884835,0.24631779,0.25291218,0.40944274,nan,-0.11851518,0.00549546,nan,0,coated,1,0,,nan,nan,-0.11275208
413,1,70,0.11876676,0.24425116,0.25462277,0.40913837,nan,-0.11786835,0.00569422,nan,0,coated,1,0,,nan,nan,-0.11191457
414,1,69,0.11870335,0.24221177,0.25631971,0.40881129,nan,-0.11721869,0.00589295,nan,0,coated,1,0,,nan,nan,-0.11107400
415,1,68,0.11865766,0.24019892,0.25800351,0.40846225,nan,-0.11656627,0.00609154,nan,0,coated,1,0,,nan,nan,-0.11023053
416,1,67,0.11862924,0.23821191,0.25967461,0.40809194,nan,-0.11591110,0.00628986,nan,0,coated,1,0,,nan,nan,-0.10938434
417,1,66,0.11861770,0.23625013,0.26133345,0.40770102,nan,-0.11525324,0.00648778,nan,0,coated,1,0,,nan,nan,-0.10853559
418,1,65,0.11862265,0.23431299,0.26298044,0.40729010,nan,-0.11459272,0.00668520,nan,0,coated,1,0,,nan,nan,-0.10768443
419,1,64,0.11864377,0.23239993,0.26461594,0.40685977,nan,-0.11392959,0.00688200,nan,0,coated,1,0,,nan,nan,-0.10683104
420,1,63,0.11868072,0.23051044,0.26624029,0.40641057,nan,-0.11326387,0.00707807,nan,0,coated,1,0,,nan,nan,-0.10597556
421,1,62,0.11873320,0.22864403,0.26785383,0.40594301,nan,-0.11259560,0.00727329,nan,0,coated,1,0,,nan,nan,-0.10511814
422,1,61,0.11880095,0.22680023,0.26945686,0.40545758,nan,-0.11192483,0.00746756,nan,0,coated,1,0,,nan,nan,-0.10425895
423,1,60,0.11888370,0.22497862,0.27104965,0.40495473,nan,-0.11125158,0.00766078,nan,0,coated,1,0,,nan,nan,-0.10339811
424,1,59,0.11898122,0.22317878,0.27263248,0.40443491,nan,-0.11057589,0.00785284,nan,0,coated,1,0,,nan,nan,-0.10253579
425,1,58,0.11909327,0.22140033,0.27420559,0.40389853,nan,-0.10989779,0.00804363,nan,0,coated,1,0,,nan,nan,-0.10167211
426,1,57,0.11921967,0.21964290,0.27576921,0.40334597,nan,-0.10921733,0.00823307,nan,0,coated,1,0,,nan,nan,-0.10080723
427,1,56,0.11936020,0.21790615,0.27732356,0.40277761,nan,-0.10853452,0.00842105,nan,0,coated,1,0,,nan,nan,-0.09994127
428,1,55,0.11951470,0.21618973,0.27886884,0.40219381,nan,-0.10784941,0.00860748,nan,0,coated,1,0,,nan,nan,-0.09907438
429,1,54,0.11968300,0.21449334,0.28040525,0.40159491,nan,-0.10716203,0.00879225,nan,0,coated,1,0,,nan,nan,-0.09820668
430,1,53,0.11986494,0.21281669,0.28193296,0.40098121,nan,-0.10647240,0.00897529,nan,0,coated,1,0,,nan,nan,-0.09733831
431,1,52,0.12006039,0.21115948,0.28345214,0.40035304,nan,-0.10578057,0.00915650,nan,0,coated,1,0,,nan,nan,-0.09646940
432,1,51,0.12026920,0.20952145,0.28496294,0.39971069,nan,-0.10508656,0.00933579,nan,0,coated,1,0,,nan,nan,-0.09560006
433,1,50,0.12049126,0.20790234,0.28646552,0.39905444,nan,-0.10439041,0.00951308,nan,0,coated,1,0,,nan,nan,-0.09473044
434,1,49,0.12072644,0.20630190,0.28796000,0.39838455,nan,-0.10369214,0.00968827,nan,0,coated,1,0,,nan,nan,-0.09386064
435,1,48,0.12097466,0.20471990,0.28944653,0.39770129,nan,-0.10299179,0.00986129,nan,0,coated,1,0,,nan,nan,-0.09299079
436,1,47,0.12123580,0.20315611,0.29092521,0.39700490,nan,-0.10228938,0.01003206,nan,0,coated,1,0,,nan,nan,-0.09212101
437,1,46,0.12150979,0.20161032,0.29239615,0.39629562,nan,-0.10158496,0.01020048,nan,0,coated,1,0,,nan,nan,-0.09125141
438,1,45,0.12179653,0.20008232,0.29385947,0.39557369,nan,-0.10087855,0.01036650,nan,0,coated,1,0,,nan,nan,-0.09038210
439,1,44,0.12209595,0.19857191,0.29531526,0.39483930,nan,-0.10017017,0.01053001,nan,0,coated,1,0,,nan,nan,-0.08951321
440,1,43,0.12240799,0.19707891,0.29676362,0.39409269,nan,-0.09945987,0.01069097,nan,0,coated,1,0,,nan,nan,-0.08864484
441,1,42,0.12273258,0.19560313,0.29820461,0.39333406,nan,-0.09874767,0.01084927,nan,0,coated,1,0,,nan,nan,-0.08777709
442,1,41,0.12306965,0.19414440,0.29963833,0.39256359,nan,-0.09803360,0.01100487,nan,0,coated,1,0,,nan,nan,-0.08691009
443,1,40,0.12341917,0.19270254,0.30106484,0.39178147,nan,-0.09731769,0.01115768,nan,0,coated,1,0,,nan,nan,-0.08604392
444,1,39,0.12378109,0.19127740,0.30248421,0.39098790,nan,-0.09659998,0.01130763,nan,0,coated,1,0,,nan,nan,-0.08517869
445,1,38,0.12415536,0.18986883,0.30389651,0.39018304,nan,-0.09588048,0.01145466,nan,0,coated,1,0,,nan,nan,-0.08431452
446,1,37,0.12454194,0.18847666,0.30530178,0.38936707,nan,-0.09515924,0.01159871,nan,0,coated,1,0,,nan,nan,-0.08345148
447,1,36,0.12494081,0.18710075,0.30670008,0.38854014,nan,-0.09443628,0.01173970,nan,0,coated,1,0,,nan,nan,-0.08258969
448,1,35,0.12535194,0.18574097,0.30809146,0.38770242,nan,-0.09371163,0.01187757,nan,0,coated,1,0,,nan,nan,-0.08172924
449,1,34,0.12577529,0.18439718,0.30947595,0.38685406,nan,-0.09298532,0.01201227,nan,0,coated,1,0,,nan,nan,-0.08087022
450,1,33,0.12621086,0.18306924,0.31085360,0.38599522,nan,-0.09225738,0.01214373,nan,0,coated,1,0,,nan,nan,-0.08001272
451,1,32,0.12665863,0.18175704,0.31222443,0.38512602,nan,-0.09152784,0.01227190,nan,0,coated,1,0,,nan,nan,-0.07915685
452,1,31,0.12711858,0.18046044,0.31358849,0.38424662,nan,-0.09079674,0.01239672,nan,0,coated,1,0,,nan,nan,-0.07830267
453,1,30,0.12759070,0.17917934,0.31494579,0.38335715,nan,-0.09006409,0.01251813,nan,0,coated,1,0,,nan,nan,-0.07745029
454,1,29,0.12807499,0.17791360,0.31629635,0.38245774,nan,-0.08932994,0.01263608,nan,0,coated,1,0,,nan,nan,-0.07659979
455,1,28,0.12857144,0.17666313,0.31764020,0.38154851,nan,-0.08859431,0.01275052,nan,0,coated,1,0,,nan,nan,-0.07575125
456,1,27,0.12908006,0.17542782,0.31897735,0.38062959,nan,-0.08785723,0.01286140,nan,0,coated,2,0,,nan,nan,-0.07490475
457,1,26,0.12960085,0.17420755,0.32030781,0.37970111,nan,-0.08711872,0.01296868,nan,0,coated,1,0,,nan,nan,-0.07406038
458,1,25,0.13013381,0.17300222,0.32163159,0.37876317,nan,-0.08637883,0.01307229,nan,0,coated,2,0,,nan,nan,-0.07321821
459,1,24,0.13067894,0.17181175,0.32294869,0.37781589,nan,-0.08563758,0.01317221,nan,0,coated,1,0,,nan,nan,-0.07237832
460,1,23,0.13123628,0.17063602,0.32425913,0.37685938,nan,-0.08489500,0.01326839,nan,0,coated,1,0,,nan,nan,-0.07154078
461,1,22,0.13180581,0.16947495,0.32556289,0.37589375,nan,-0.08415112,0.01336078,nan,0,coated,1,0,,nan,nan,-0.07070567
462,1,21,0.13238756,0.16832844,0.32685997,0.37491909,nan,-0.08340597,0.01344935,nan,0,coated,1,0,,nan,nan,-0.06987307
463,1,20,0.13298155,0.16719641,0.32815038,0.37393552,nan,-0.08265958,0.01353405,nan,0,coated,1,0,,nan,nan,-0.06904302
464,1,19,0.13358780,0.16607877,0.32943410,0.37294313,nan,-0.08191198,0.01361485,nan,0,coated,1,0,,nan,nan,-0.06821562
465,1,18,0.13420633,0.16497542,0.33071111,0.37194202,nan,-0.08116320,0.01369173,nan,0,coated,1,0,,nan,nan,-0.06739092
466,1,17,0.13483716,0.16388630,0.33198141,0.37093227,nan,-0.08041327,0.01376463,nan,0,coated,1,0,,nan,nan,-0.06656899
467,1,16,0.13548032,0.16281132,0.33324498,0.36991398,nan,-0.07966222,0.01383354,nan,0,coated,1,0,,nan,nan,-0.06574988
468,1,15,0.13613583,0.16175039,0.33450180,0.36888724,nan,-0.07891009,0.01389841,nan,0,coated,1,0,,nan,nan,-0.06493367
469,1,14,0.13680373,0.16070345,0.33575185,0.36785213,nan,-0.07815689,0.01395924,nan,0,coated,1,0,,nan,nan,-0.06412040
470,1,13,0.13748405,0.15967042,0.33699511,0.36680874,nan,-0.07740266,0.01401598,nan,0,coated,1,0,,nan,nan,-0.06331014
471,1,12,0.13817681,0.15865121,0.33823154,0.36575714,nan,-0.07664743,0.01406862,nan,0,coated,1,0,,nan,nan,-0.06250295
472,1,11,0.13888207,0.15764578,0.33946113,0.36469742,nan,-0.07589123,0.01411713,nan,0,coated,1,0,,nan,nan,-0.06169887
473,1,10,0.13959984,0.15665403,0.34068385,0.36362965,nan,-0.07513409,0.01416149,nan,0,coated,1,0,,nan,nan,-0.06089795
474,1,9,0.14033017,0.15567591,0.34189965,0.36255391,nan,-0.07437604,0.01420168,nan,0,coated,1,0,,nan,nan,-0.06010025
475,1,8,0.14107310,0.15471134,0.34310851,0.36147027,nan,-0.07361711,0.01423769,nan,0,coated,1,0,,nan,nan,-0.05930582
476,1,7,0.14182867,0.15376027,0.34431039,0.36037879,nan,-0.07285733,0.01426949,nan,0,coated,1,0,,nan,nan,-0.05851469
477,1,6,0.14259692,0.15282263,0.34550526,0.35927956,nan,-0.07209672,0.01429709,nan,0,coated,1,0,,nan,nan,-0.05772692
478,1,5,0.14337790,0.15189834,0.34669306,0.35817262,nan,-0.07133533,0.01432046,nan,0,coated,1,0,,nan,nan,-0.05694254
479,1,4,0.14417165,0.15098737,0.34787377,0.35705805,nan,-0.07057318,0.01433959,nan,0,coated,1,0,,nan,nan,-0.05616160
480,1,3,0.14497822,0.15008964,0.34904733,0.35593592,nan,-0.06981030,0.01435448,nan,0,coated,1,0,,nan,nan,-0.05538414
481,1,2,0.14579766,0.14920509,0.35021370,0.35480627,nan,-0.06904671,0.01436512,nan,0,coated,1,0,,nan,nan,-0.05461018
482,1,1,0.14663001,0.14833367,0.35137283,0.35366916,nan,-0.06828245,0.01437151,nan,0,coated,1,0,,nan,nan,-0.05383977
483,1,0,0.14747533,0.14747533,0.35252467,0.35252467,nan,-0.06751755,0.01437364,nan,0,coated,1,0,,nan,nan,-0.05307294
