code,wall_affinity,side,phi1_inf,phi2_inf,nearest_binodal_phi1,nearest_binodal_phi2,distance,signed_distance,tolerance,classification
m0p5,-0.5,strong,0.07541279809425307,0.0001,0.09560899437851342,0.010555902560899439,0.02274230073487278,0.016782917561383053,0.001111805121798877,one_phase_side
m0p5,-0.5,strong,0.07753862573426418,0.01212406015037594,0.09560899437851342,0.011111805121798875,0.018098698383639242,0.017712049016241314,0.001111805121798877,one_phase_side
m0p48,-0.48,strong,0.0772044089512969,0.0001,0.09560899437851342,0.010555902560899439,0.021167301743744617,0.015052927807828437,0.001111805121798877,one_phase_side
m0p48,-0.48,strong,0.0793454222459521,0.011623057644110276,0.09560899437851342,0.011111805121798875,0.016271605871965886,0.01583712993087018,0.001111805121798877,one_phase_side
m0p48,-0.48,strong,0.07941194057851825,0.01212406015037594,0.09560899437851342,0.011111805121798875,0.016228654042859426,0.015903165422463224,0.001111805121798877,one_phase_side
m0p48,-0.48,strong,0.07954287371116225,0.013126065162907269,0.09560899437851342,0.011111805121798875,0.016191895405143097,0.016037267588724965,0.001111805121798877,one_phase_side
m0p48,-0.48,strong,0.07960758320041957,0.013627067669172934,0.09560899437851342,0.011111805121798875,0.016197892003981553,0.016105049709826173,0.001111805121798877,one_phase_side
m0p48,-0.48,strong,0.07967215509127795,0.014128070175438597,0.09560899437851342,0.011111805121798875,0.016219762678318695,0.016172964696733207,0.001111805121798877,one_phase_side
m0p48,-0.48,strong,0.0798008381371314,0.015130075187969926,0.09560899437851342,0.011111805121798875,0.01631086441843692,0.016309239559748244,0.001111805121798877,one_phase_side
m0p48,-0.48,strong,0.07986213581546182,0.015631077694235593,0.09560899437851342,0.011111805121798875,0.01638253274645682,0.016380316145114045,0.001111805121798877,one_phase_side
m0p48,-0.48,strong,0.07992234656540911,0.016132080200501255,0.09560899437851342,0.011111805121798875,0.01647040016144751,0.016452442274781428,0.001111805121798877,one_phase_side
m0p48,-0.48,strong,0.07998127576034429,0.01663308270676692,0.09616489693941285,0.013335415365396628,0.01651618007778847,0.016484426297182202,0.001111805121798877,one_phase_side
m0p46,-0.46,strong,0.07899981751097498,0.0001,0.09560899437851342,0.010555902560899439,0.019626274597594858,0.013319270970755963,0.001111805121798877,one_phase_side
m0p46,-0.46,strong,0.07934972605440063,0.0011020050125313285,0.09560899437851342,0.010555902560899439,0.018807976639993416,0.013241929220252366,0.001111805121798877,one_phase_side
m0p46,-0.46,strong,0.08134941940348098,0.012625062656641605,0.09560899437851342,0.011111805121798875,0.014339645282758207,0.014162590695980103,0.001111805121798877,one_phase_side
m0p46,-0.46,strong,0.08141968713041442,0.013126065162907269,0.09560899437851342,0.011111805121798875,0.014331562500096099,0.014225005750795836,0.001111805121798877,one_phase_side
m0p46,-0.46,strong,0.08176593057275015,0.015631077694235593,0.09560899437851342,0.011111805121798875,0.014562082272615125,0.014542000971910551,0.001111805121798877,one_phase_side
m0p46,-0.46,strong,0.08183214165414479,0.016132080200501255,0.09616489693941285,0.013335415365396628,0.014603054758073405,0.014566953562841774,0.001111805121798877,one_phase_side
m0p46,-0.46,strong,0.08189784108480067,0.01663308270676692,0.09616489693941285,0.013335415365396628,0.014643206365170304,0.014633779790831813,0.001111805121798877,one_phase_side
m0p46,-0.46,strong,0.08196309045212753,0.01713408521303258,0.09616489693941285,0.013335415365396628,0.014701061190051485,0.01470104060256228,0.001111805121798877,one_phase_side
m0p46,-0.46,strong,0.0820279820757132,0.017635087719298247,0.09616489693941285,0.013335415365396628,0.014776317004395854,0.01476911736131526,0.001111805121798877,one_phase_side
m0p46,-0.46,strong,0.08209266458909442,0.018136090225563912,0.09616489693941285,0.013335415365396628,0.014868564235809413,0.014837428094982641,0.001111805121798877,one_phase_side
m0p46,-0.46,strong,0.08215740031318713,0.018637092731829577,0.09616489693941285,0.013335415365396628,0.014977240888477166,0.014896766766294173,0.001111805121798877,one_phase_side
m0p46,-0.46,strong,0.08222272128397946,0.01913809523809524,0.0967207995003123,0.015003123048094941,0.015076215273701177,0.01507620283867062,0.001111805121798877,one_phase_side
m0p46,-0.46,strong,0.08228813345197565,0.019639097744360904,0.0967207995003123,0.015003123048094941,0.015158961397379035,0.015151351429324405,0.001111805121798877,one_phase_side
m0p46,-0.46,strong,0.08235032306880398,0.02014010025062657,0.09727670206121174,0.017226733291692692,0.015208040533296828,0.015150446785118907,0.001111805121798877,one_phase_side
m0p46,-0.46,strong,0.08241162396684086,0.02064110275689223,0.09727670206121174,0.017226733291692692,0.01525216265310044,0.01521265623368454,0.001111805121798877,one_phase_side
m0p46,-0.46,strong,0.08247190813162575,0.021142105263157896,0.09727670206121174,0.017226733291692692,0.015313786630759926,0.015302011336402225,0.001111805121798877,one_phase_side
m0p44,-0.44,strong,0.08079402246896004,0.0001,0.09560899437851342,0.010555902560899439,0.01813309932261661,0.011586776338404506,0.001111805121798877,one_phase_side
m0p44,-0.44,strong,0.08099211565612843,0.0006010025062656643,0.09560899437851342,0.010555902560899439,0.017684829054380437,0.011525762393233751,0.001111805121798877,one_phase_side
m0p44,-0.44,strong,0.08113435680627021,0.0011020050125313285,0.09560899437851342,0.010555902560899439,0.017288473376872678,0.01151867949642169,0.001111805121798877,one_phase_side
m0p44,-0.44,strong,0.08125958888681978,0.0016030075187969926,0.09560899437851342,0.010555902560899439,0.01691330149911454,0.011528020655088156,0.001111805121798877,one_phase_side
m0p44,-0.44,strong,0.08137415472297335,0.0021040100250626567,0.09560899437851342,0.010555902560899439,0.016554913091172345,0.011547661200723296,0.001111805121798877,one_phase_side
m0p44,-0.44,strong,0.08148251185925695,0.002605012531328321,0.09560899437851342,0.010555902560899439,0.016210310318719747,0.011573296902681433,0.001111805121798877,one_phase_side
m0p44,-0.44,strong,0.0815864064549494,0.003106015037593985,0.09560899437851342,0.010555902560899439,0.01587872149085013,0.011603241659514497,0.001111805121798877,one_phase_side
m0p44,-0.44,strong,0.08168689727739396,0.0036070175438596493,0.09560899437851342,0.010555902560899439,0.015559941859564861,0.011636473119383046,0.001111805121798877,one_phase_side
m0p44,-0.44,strong,0.08178440611642344,0.004108020050125314,0.09560899437851342,0.010555902560899439,0.015254324943735225,0.011672583999597308,0.001111805121798877,one_phase_side
m0p44,-0.44,strong,0.08197086184748226,0.005110025062656643,0.09560899437851342,0.010555902560899439,0.014685238869689442,0.0117530732253197,0.001111805121798877,one_phase_side
m0p44,-0.44,strong,0.08206148358041311,0.005611027568922307,0.09560899437851342,0.010555902560899439,0.01442174876743196,0.011795834334815295,0.001111805121798877,one_phase_side
m0p44,-0.44,strong,0.08289798583818907,0.010621052631578948,0.09560899437851342,0.010555902560899439,0.012711175502049686,0.012290762704025026,0.001111805121798877,one_phase_side
m0p44,-0.44,strong,0.0831312863881007,0.01212406015037594,0.09560899437851342,0.011111805121798875,0.012518700289442545,0.012311743705405333,0.001111805121798877,one_phase_side
m0p44,-0.44,strong,0.08335922324196905,0.013627067669172934,0.09560899437851342,0.011111805121798875,0.01250533640410917,0.012482444496540726,0.001111805121798877,one_phase_side
m0p44,-0.44,strong,0.08358078955024938,0.015130075187969926,0.09560899437851342,0.011111805121798875,0.012681648383209523,0.012659296723155815,0.001111805121798877,one_phase_side
m0p44,-0.44,strong,0.08387064403562038,0.01713408521303258,0.09616489693941285,0.013335415365396628,0.012867732786848985,0.01285956267729536,0.001111805121798877,one_phase_side
m0p44,-0.44,strong,0.08394114432428486,0.017635087719298247,0.09616489693941285,0.013335415365396628,0.01295790532249539,0.012922257255257872,0.001111805121798877,one_phase_side
m0p44,-0.44,strong,0.08401143364759427,0.018136090225563912,0.09616489693941285,0.013335415365396628,0.013067254841726477,0.013005731288358656,0.001111805121798877,one_phase_side
m0p44,-0.44,strong,0.08408160092124041,0.018637092731829577,0.0967207995003123,0.015003123048094941,0.013151238587430286,0.013151233855826125,0.001111805121798877,one_phase_side
m0p44,-0.44,strong,0.08415176959503956,0.01913809523809524,0.0967207995003123,0.015003123048094941,0.01323172353745786,0.013221810020714828,0.001111805121798877,one_phase_side
m0p44,-0.44,strong,0.0842221199949153,0.019639097744360904,0.09727670206121174,0.017226733291692692,0.013275602252936237,0.013213084741820421,0.001111805121798877,one_phase_side
m0p44,-0.44,strong,0.08429180535561584,0.02014010025062657,0.09727670206121174,0.017226733291692692,0.013307713909323525,0.013268226756371723,0.001111805121798877,one_phase_side
m0p44,-0.44,strong,0.084359358788973,0.02064110275689223,0.09727670206121174,0.017226733291692692,0.013360975864724048,0.013360833346754808,0.001111805121798877,one_phase_side
m0p44,-0.44,strong,0.08442663735938434,0.021142105263157896,0.09727670206121174,0.017226733291692692,0.013433327976197324,0.013430486888112348,0.001111805121798877,one_phase_side
m0p44,-0.44,strong,0.0844937140355331,0.02164310776942356,0.09727670206121174,0.017226733291692692,0.013524390795603178,0.013512843695744358,0.001111805121798877,one_phase_side
m0p44,-0.44,strong,0.08456070126600508,0.022144110275689226,0.09727670206121174,0.017226733291692692,0.013633681550719716,0.01359536087300826,0.001111805121798877,one_phase_side
m0p44,-0.44,strong,0.08462778252133642,0.022645112781954888,0.09783260462211117,0.018894440974391004,0.013727157962271868,0.013725115180622539,0.001111805121798877,one_phase_side
m0p44,-0.44,strong,0.08469528541196773,0.023146115288220553,0.09783260462211117,0.018894440974391004,0.01380818201285317,0.013799313854014696,0.001111805121798877,one_phase_side
m0p44,-0.44,strong,0.08476391739721126,0.02364711779448622,0.09783260462211117,0.018894440974391004,0.013906060647736746,0.013887300965397104,0.00111180512179887,one_phase_side
m0p44,-0.44,strong,0.08482914767827117,0.02414812030075188,0.09783260462211117,0.018894440974391004,0.014024658247334672,0.013971472230968467,0.00111180512179887,one_phase_side
m0p44,-0.44,strong,0.08489347386174681,0.024649122807017546,0.0983885071830106,0.02056214865708932,0.014100329146661851,0.0141002746000862,0.00111180512179887,one_phase_side
m0p44,-0.44,strong,0.0849572782891978,0.02515012531328321,0.09894440974391004,0.02278575890068707,0.014185558672974897,0.014102447749631531,0.00111180512179887,one_phase_side
m0p44,-0.44,strong,0.08502056597920257,0.025651127819548876,0.09894440974391004,0.02278575890068707,0.014215616913281054,0.01417364783030346,0.00111180512179887,one_phase_side
m0p44,-0.44,strong,0.08508308245776458,0.026152130325814538,0.09894440974391004,0.02278575890068707,0.01426425079369945,0.014238994106108115,0.001111805121798877,one_phase_side
m0p44,-0.44,strong,0.08577142857142858,0.031600334850498735,0.10005621486570893,0.026677076826983136,0.015109387447523156,0.015096950284379192,0.00111180512179887,one_phase_side
m0p1,-0.1,weak,0.12315104370177864,0.08577142857142858,0.12118051217988757,0.08727045596502185,0.0024758993528633923,-0.0023883536624346976,0.00111180512179887,two_phase_side
m0p1,-0.1,weak,0.1273936338497954,0.0967934837092732,0.12507183010618364,0.0967207995003123,0.002322941156827242,-0.0021258512523703124,0.00111180512179887,two_phase_side
m0p1,-0.1,weak,0.13185997992522883,0.10781553884711781,0.13007495315427858,0.10839475327920049,0.0018766485902645487,-0.0018720732450975583,0.00111180512179887,two_phase_side
m0p1,-0.1,weak,0.13206851418657142,0.10831654135338348,0.13007495315427858,0.10839475327920049,0.001995094658109359,-0.0018575620974682118,0.00111180512179887,two_phase_side
m0p1,-0.1,weak,0.13227767295981205,0.10881754385964913,0.13063085571517802,0.11006246096189881,0.00206441895667952,-0.0019930611823835904,0.00111180512179887,two_phase_side
m0p1,-0.1,weak,0.13290819169809465,0.11032055137844614,0.13118675827607745,0.11117426608369768,0.0019214998892533284,-0.0019214625342318136,0.00111180512179887,two_phase_side
m0p1,-0.1,weak,0.13311925757401546,0.1108215538847118,0.13118675827607745,0.11117426608369768,0.0019644234349661914,-0.0018845760495575005,0.00111180512179887,two_phase_side
m0p1,-0.1,weak,0.13333103593222492,0.11132255639097746,0.1317426608369769,0.11228607120549655,0.0018577664656791388,-0.0018414647138177709,0.00111180512179887,two_phase_side
m0p1,-0.1,weak,0.13375588579754338,0.11232456140350879,0.13229856339787632,0.11339787632729544,0.0018099153301175451,-0.001753113340799286,0.00111180512179887,two_phase_side
m0p1,-0.1,weak,0.13396916818435725,0.11282556390977445,0.13229856339787632,0.11339787632729544,0.0017659167182689272,-0.0017633842496139838,0.00111180512179887,two_phase_side
m0p1,-0.1,weak,0.13678947452395676,0.11933859649122809,0.13507807620237353,0.11951280449718925,0.0017202420307790636,-0.0016375895926781059,0.00111180512179887,two_phase_side
m0p1,-0.1,weak,0.1385708353814929,0.1233466165413534,0.13730168644597127,0.12451592754528419,0.0017256961622630226,-0.0016595091945032741,0.0011118051217988978,two_phase_side
m0p1,-0.1,weak,0.13879611343133264,0.12384761904761907,0.13730168644597127,0.12451592754528419,0.001637054752483155,-0.0016353154922776583,0.0011118051217988978,two_phase_side
m0p1,-0.1,weak,0.1390218600344595,0.12434862155388474,0.13730168644597127,0.12451592754528419,0.0017282906206106082,-0.0016115402513636543,0.0011118051217988978,two_phase_side
m0p1,-0.1,weak,0.1397025582694166,0.12585162907268171,0.13841349156777014,0.12673953778888195,0.0015652714938942853,-0.0015507021467157985,0.00111180512179887,two_phase_side
m0p1,-0.1,weak,0.13993084052783297,0.12635263157894738,0.13841349156777014,0.12673953778888195,0.0015659004699819523,-0.001529191479901314,0.00111180512179887,two_phase_side
m0p1,-0.1,weak,0.1406183552836972,0.12785563909774436,0.13952529668956903,0.12896314803247969,0.001556069770516742,-0.001474441157279225,0.00111180512179887,two_phase_side
m0p1,-0.1,weak,0.14084900397690298,0.12835664160401003,0.13952529668956903,0.12896314803247969,0.0014560395016331115,-0.0014550439350462874,0.00111180512179887,two_phase_side
m0p1,-0.1,weak,0.1410798012151355,0.1288576441102757,0.13952529668956903,0.12896314803247969,0.0015580806775026257,-0.0014357793772262098,0.00111180512179887,two_phase_side
m0p1,-0.1,weak,0.1413115233789873,0.12935864661654137,0.14008119925046847,0.13007495315427858,0.0014236546341092416,-0.0014210403258120778,0.00111180512179887,two_phase_side
m0p1,-0.1,weak,0.1417764476509173,0.13036065162907268,0.1406371018113679,0.13118675827607745,0.0014073241042219004,-0.0013891844872104568,0.00111180512179887,two_phase_side
m0p1,-0.1,weak,0.142009873359322,0.13086165413533835,0.1406371018113679,0.13118675827607745,0.0014107425084677898,-0.0013722673957427308,0.00111180512179887,two_phase_side
m0p1,-0.1,weak,0.14271357759118153,0.13236466165413535,0.14174890693316677,0.1334103685196752,0.0014227059875714938,-0.0013319757687388662,0.00111180512179887,two_phase_side
m0p1,-0.1,weak,0.14294963809132155,0.13286566416040102,0.14174890693316677,0.1334103685196752,0.001318506030769674,-0.0013174117893625648,0.00111180512179887,two_phase_side
m0p1,-0.1,weak,0.1431858179363446,0.13336666666666666,0.14174890693316677,0.1334103685196752,0.001437575418198956,-0.0013029543959769436,0.00111180512179887,two_phase_side
m0p1,-0.1,weak,0.14342320105431494,0.13386766917293233,0.1423048094940662,0.1345221736414741,0.0012958301514383464,-0.001293271098839984,0.00111180512179887,two_phase_side
m0p1,-0.1,weak,0.14389924279190489,0.13486967418546367,0.14286071205496564,0.13563397876327296,0.0012894601890821628,-0.0012713441827105797,0.00111180512179887,two_phase_side
m0p1,-0.1,weak,0.14413773933691443,0.13537067669172934,0.14286071205496564,0.13563397876327296,0.0013038890519214673,-0.0012589558161392213,0.00111180512179887,two_phase_side
m0p1,-0.1,weak,0.14437769920151045,0.135871679197995,0.14341661461586508,0.13674578388507183,0.0012991314732292505,-0.0012515737914558394,0.00111180512179887,two_phase_side
m0p1,-0.1,weak,0.1446174574959505,0.13637268170426065,0.14341661461586508,0.13674578388507183,0.0012574692282429538,-0.001240312283528196,0.00111180512179887,two_phase_side
m0p1,-0.1,weak,0.14485859944003043,0.13687368421052631,0.14397251717676451,0.1378575890068707,0.0013240885263244083,-0.0012339859648762726,0.00111180512179887,two_phase_side
m0p1,-0.1,weak,0.14509970590245497,0.13737468671679198,0.14397251717676451,0.1378575890068707,0.0012262744574877758,-0.0012239284953335127,0.00111180512179887,two_phase_side
m0p1,-0.1,weak,0.14534204863113598,0.13787568922305765,0.14452841973766398,0.1389693941286696,0.0013631516411801413,-0.0012186745881083085,0.00111180512179887,two_phase_side
m0p1,-0.1,weak,0.1455845038762856,0.13837669172932332,0.14452841973766398,0.1389693941286696,0.0012110366807157491,-0.0012098217059705305,0.00111180512179887,two_phase_side
m0p1,-0.1,weak,0.14607187100387561,0.13937869674185463,0.1450843222985634,0.14008119925046847,0.0012119250059193201,-0.0011980094079310703,0.00111180512179887,two_phase_side
m0p1,-0.1,weak,0.14631667217134803,0.1398796992481203,0.1450843222985634,0.14008119925046847,0.0012487147231848323,-0.0011912516508497829,0.00111180512179887,two_phase_side
m0p1,-0.1,weak,0.14656182712501717,0.14038070175438597,0.14564022485946285,0.14119300437226734,0.0012284894297029134,-0.0011885093199798162,0.00111180512179887,two_phase_side
m0p1,-0.1,weak,0.1468078869014896,0.14088170426065164,0.14564022485946285,0.14119300437226734,0.0012084462767876962,-0.0011828756168480788,0.00111180512179887,two_phase_side
m0p1,-0.1,weak,0.14705439232620923,0.1413827067669173,0.14619612742036228,0.1423048094940662,0.0012597190512268685,-0.0011813393812134289,0.00111180512179887,two_phase_side
m0p1,-0.1,weak,0.14730173138471075,0.14188370927318297,0.14619612742036228,0.1423048094940662,0.0011830830579511182,-0.0011768481949533806,0.00111180512179887,two_phase_side
m0p1,-0.1,weak,0.14754958694144138,0.14238471177944864,0.14675202998126172,0.14341661461586508,0.0013041934551803703,-0.001176517751760503,0.00111180512179887,two_phase_side
m0p1,-0.1,weak,0.147798227161437,0.14288571428571428,0.14675202998126172,0.14341661461586508,0.0011731938034105673,-0.0011731886227529,0.00111180512179887,two_phase_side
m0p1,-0.1,weak,0.14829739641900408,0.14388771929824562,0.14730793254216115,0.14452841973766398,0.0011787857382272284,-0.0011719167155843067,0.00111180512179887,two_phase_side
m0p1,-0.1,weak,0.14854794705566501,0.1443887218045113,0.14730793254216115,0.14452841973766398,0.0012478587685420784,-0.0011457509551043462,0.00111180512179887,two_phase_side
m0p1,-0.1,weak,0.14879926209728944,0.14488972431077696,0.1478638351030606,0.14564022485946285,0.001199280924183259,-0.0011821366042168362,0.00111180512179887,two_phase_side
m0p1,-0.1,weak,0.14905115460307228,0.14539072681704263,0.1478638351030606,0.14564022485946285,0.0012132505381328021,-0.0011591579007364887,0.00111180512179887,two_phase_side
m0p1,-0.1,weak,0.14930384803790356,0.14589172932330827,0.14841973766396002,0.14675202998126172,0.0012335997630470422,-0.0011945715784393914,0.00111180512179887,two_phase_side
m0p1,-0.1,weak,0.14955707574719676,0.14639273182957394,0.14897564022485946,0.14730793254216115,0.0010842783825917592,-0.0009590914458412172,0.00111180512179887,boundary_tolerance
m0p1,-0.1,weak,0.1498111791927101,0.1468937343358396,0.14897564022485946,0.14730793254216115,0.0009325693115886256,-0.0009293144459361048,0.00111180512179887,boundary_tolerance
m0p1,-0.1,weak,0.15006573247001448,0.14739473684210527,0.14897564022485946,0.14730793254216115,0.0010935429069935507,-0.0009109030183466858,0.00111180512179887,boundary_tolerance
m0p1,-0.1,weak,0.15032128191494595,0.14789573934837094,0.1495315427857589,0.14841973766396002,0.0009477669159183241,-0.000945686103705463,0.0011118051217989255,boundary_tolerance
m0p1,-0.1,weak,0.15057714729993715,0.1483967418546366,0.1495315427857589,0.14841973766396002,0.0010458573551476301,-0.0009441664997634806,0.00111180512179887,boundary_tolerance
m0p1,-0.1,weak,0.15083418436792026,0.14889774436090225,0.15008744534665835,0.1495315427857589,0.0009794486251079977,-0.0009520359931561525,0.00111180512179887,boundary_tolerance
m0p1,-0.1,weak,0.15109134346405356,0.14939874686716792,0.15008744534665835,0.1495315427857589,0.0010126431682009524,-0.0009563150064454008,0.00111180512179887,boundary_tolerance
m0p1,-0.1,weak,0.1513499171049635,0.1498997493734336,0.1506433479075578,0.1506433479075578,0.0010257576763905915,-0.0009655568012177609,0.00111180512179887,boundary_tolerance
m0p1,-0.1,weak,0.15160834510328935,0.15040075187969926,0.1506433479075578,0.1506433479075578,0.0009950238291129125,-0.0009709690612270751,0.00111180512179887,boundary_tolerance
m0p1,-0.1,weak,0.15186851390510453,0.15090175438596493,0.15119925046845722,0.15175515302935666,0.0010845288341836804,-0.0010046470908654861,0.0011118051217989255,boundary_tolerance
m0p1,-0.1,weak,0.15212817757816477,0.1514027568922306,0.15119925046845722,0.15175515302935666,0.000993523332695808,-0.0009832017740812851,0.00111180512179887,boundary_tolerance
m0p1,-0.1,weak,0.1523900130014115,0.15190375939849624,0.15175515302935666,0.15286695815115553,0.0011536026270956106,-0.0010416293999028102,0.00111180512179887,boundary_tolerance
m0p1,-0.1,weak,0.1526508679077921,0.1524047619047619,0.15175515302935666,0.15286695815115553,0.0010079337843484312,-0.0010069949691207797,0.00111180512179887,boundary_tolerance
m0p1,-0.1,weak,0.1529143053458359,0.15290576441102757,0.1523110555902561,0.15342286071205496,0.0007945431719820463,-0.0007837709380839671,0.0011118051217989255,boundary_tolerance
m0p1,-0.1,weak,0.15317644540950048,0.15340676691729324,0.1523110555902561,0.15342286071205496,0.0008655394557625137,-0.0007644011884479218,0.00111180512179887,boundary_tolerance
m0p1,-0.1,weak,0.153441223549382,0.1539077694235589,0.15286695815115553,0.15453466583385383,0.0008501646057328363,-0.0008097308150819324,0.0011118051217989255,boundary_tolerance
m0p1,-0.1,weak,0.1537049426487236,0.15440877192982458,0.15286695815115553,0.15453466583385383,0.0008473885137504294,-0.0007899155806844054,0.0011118051217989255,boundary_tolerance
m0p1,-0.1,weak,0.15397102995025325,0.15490977443609025,0.15342286071205496,0.15564647095565273,0.0009182653623230943,-0.0008368658926115276,0.00111180512179887,boundary_tolerance
m0p1,-0.1,weak,0.15423639688373467,0.1554107769423559,0.15342286071205496,0.15564647095565273,0.0008469904193881052,-0.0008256675456617475,0.00111180512179887,boundary_tolerance
m0p1,-0.1,weak,0.1545037494372796,0.15591177944862156,0.1539787632729544,0.1567582760774516,0.0009960758080354705,-0.0008872245158297708,0.0011118051217989255,boundary_tolerance
m0p1,-0.1,weak,0.15477085232884133,0.15641278195488723,0.1539787632729544,0.1567582760774516,0.0008641592799839487,-0.0008591026359226948,0.00111180512179887,boundary_tolerance
m0p1,-0.1,weak,0.15503940908377037,0.1569137844611529,0.15453466583385383,0.15731417863835104,0.0006442679919648988,-0.000639093634403873,0.00111180512179887,boundary_tolerance
m0p1,-0.1,weak,0.15530836383199237,0.15741478696741856,0.15453466583385383,0.15731417863835104,0.000780211912368258,-0.0006275865076815572,0.00111180512179887,boundary_tolerance
m0p1,-0.1,weak,0.1555780392647788,0.15791578947368423,0.1550905683947533,0.1584259837601499,0.0007056387596112133,-0.0006764488797755927,0.00111180512179887,boundary_tolerance
m0p1,-0.1,weak,0.15584900312761588,0.15841679197994987,0.1550905683947533,0.1584259837601499,0.0007584904302860891,-0.0006629224592455346,0.00111180512179887,boundary_tolerance
m0p1,-0.1,weak,0.15611967544767505,0.15891779448621554,0.15564647095565273,0.15953778888194878,0.0007799458583842341,-0.0007146752768366706,0.00111180512179887,boundary_tolerance
m0p1,-0.1,weak,0.15639287011379346,0.1594187969924812,0.15564647095565273,0.15953778888194878,0.0007558245649833395,-0.0007103205215667897,0.00111180512179887,boundary_tolerance
m0p1,-0.1,weak,0.1566643611667273,0.15991979949874688,0.15620237351655217,0.16064959400374768,0.0008637317919607333,-0.0007729332122770109,0.00111180512179887,boundary_tolerance
m0p1,-0.1,weak,0.15693933000175955,0.16042080200501255,0.15620237351655217,0.16064959400374768,0.000771654482119062,-0.0007533048493613889,0.00111180512179887,boundary_tolerance
m0p1,-0.1,weak,0.15721215319205034,0.16092180451127822,0.1567582760774516,0.1612054965646471,0.0005352435112181523,-0.0005351846264705435,0.00111180512179887,boundary_tolerance
m0p1,-0.1,weak,0.15748828555636485,0.16142280701754386,0.1567582760774516,0.1612054965646471,0.0007616676914779687,-0.0005050212288098153,0.00111180512179887,boundary_tolerance
m0p1,-0.1,weak,0.15776313106191597,0.16192380952380953,0.15731417863835104,0.16231730168644598,0.000596987739138036,-0.0005890674171283498,0.00111180512179887,boundary_tolerance
m0p1,-0.1,weak,0.15804027855886169,0.1624248120300752,0.15731417863835104,0.16231730168644598,0.0007340160546969259,-0.0005657362059670315,0.00111180512179887,boundary_tolerance
m0p1,-0.1,weak,0.15831741608547872,0.16292581453634086,0.15787008119925047,0.16342910680824485,0.0006733584568379015,-0.0006381821609958543,0.00111180512179887,boundary_tolerance
m0p1,-0.1,weak,0.1585953491953174,0.16342681704260653,0.1584259837601499,0.16398500936914429,0.0005833209442794798,-0.00042414754082180074,0.00111180512179887,boundary_tolerance
m0p1,-0.1,weak,0.15887521360938697,0.1639278195488722,0.1584259837601499,0.16398500936914429,0.00045285553213835156,-0.00041401822181252824,0.00111180512179887,boundary_tolerance
m0p1,-0.1,weak,0.15915355462984174,0.16442882205513784,0.15898188632104934,0.16509681449094316,0.0006896984141904041,-0.0004986516063607513,0.00111180512179887,boundary_tolerance
m0p1,-0.1,weak,0.15943611594108895,0.1649298245614035,0.15898188632104934,0.16509681449094316,0.00048395266740558257,-0.0004738890245906057,0.00111180512179887,boundary_tolerance
m0p1,-0.1,weak,0.1597149851231869,0.16543082706766918,0.15898188632104934,0.1656527170518426,0.0007659432216372253,-0.0007421532322613501,0.00111180512179887,boundary_tolerance
m0p1,-0.1,weak,0.1599985281993329,0.16593182957393485,0.15953778888194878,0.16620861961274205,0.0005374880874647298,-0.0005372768537324617,0.00111180512179887,boundary_tolerance
m0p1,-0.1,weak,0.16027980189114313,0.16643283208020052,0.1600936914428482,0.1667645221736415,0.00038033592658519224,-0.00033742501641866713,0.00111180512179887,boundary_tolerance
m0p1,-0.1,weak,0.1605639905187215,0.16693383458646618,0.1600936914428482,0.1667645221736415,0.0004998478907665693,-0.00030065391163908183,0.00111180512179887,boundary_tolerance
m0p1,-0.1,weak,0.16084834411984422,0.16743483709273185,0.16064959400374768,0.16787632729544036,0.0004841644428662518,-0.0004053078902788263,0.00111180512179887,boundary_tolerance
m0p1,-0.1,weak,0.16113254448136474,0.1679358395989975,0.16064959400374768,0.16787632729544036,0.0004866034094673295,-0.00038249442360128246,0.00111180512179887,boundary_tolerance
m0p1,-0.1,weak,0.1614215431356769,0.16843684210526316,0.1612054965646471,0.1684322298563398,0.00021609579749235153,-0.0001824957530343225,0.00111180512179887,boundary_tolerance
m0p1,-0.1,weak,0.16170427316886476,0.16893784461152883,0.1612054965646471,0.16898813241723923,0.0005013052606127941,-0.00045005957109266664,0.00111180512179887,boundary_tolerance
m0p1,-0.1,weak,0.16199424895557804,0.1694388471177945,0.16176139912554655,0.16954403497813866,0.00025550641735478866,-0.0002532740673269205,0.0011118051217989255,boundary_tolerance
m0p1,-0.1,weak,0.16227938195616803,0.16993984962406017,0.16176139912554655,0.1700999375390381,0.0005421571297517266,-0.0005260918797001867,0.0011118051217989255,boundary_tolerance
m0p1,-0.1,weak,0.1625696993015898,0.17044085213032584,0.16231730168644598,0.17065584009993753,0.00033154846283468673,-0.0003284636367268235,0.0011118051217989255,boundary_tolerance
m0p1,-0.1,weak,0.1628587426051444,0.17094185463659148,0.16287320424734542,0.17121174266083697,0.00027027520183376866,-0.00013577713432581543,0.0011118051217989255,boundary_tolerance
m0p1,-0.1,weak,0.1631478598264191,0.17144285714285715,0.16287320424734542,0.17121174266083697,0.0003589562520917549,-0.0001031289762829594,0.0011118051217989255,boundary_tolerance
m0p1,-0.1,weak,0.1634439075689875,0.17194385964912282,0.16342910680824485,0.17232354778263587,0.00037997650091707694,-0.0002204169622895087,0.0011118051217989255,boundary_tolerance
m0p1,-0.1,weak,0.1637284973435947,0.17244486215538848,0.16342910680824485,0.17232354778263587,0.00032303540006233965,-0.0001839814314962252,0.0011118051217989255,boundary_tolerance
m0p1,-0.1,weak,0.16402559049811552,0.17294586466165415,0.16398500936914429,0.1728794503435353,7.783116136723103e-05,2.441604598110355e-06,0.0011118051217989255,boundary_tolerance
m0p1,-0.1,weak,0.16431301932518896,0.17344686716791982,0.16398500936914429,0.17343535290443474,0.0003282119887024781,-0.0002680833815726323,0.0011118051217989255,boundary_tolerance
m0p1,-0.1,weak,0.16460872689965655,0.17394786967418546,0.16454091193004372,0.17399125546533417,8.050588163102726e-05,-8.042532856343911e-05,0.0015723298819638328,boundary_tolerance
m0p1,-0.1,weak,0.1649080781824826,0.17444887218045113,0.16509681449094316,0.1745471580262336,0.0002127945055975254,0.00010403277247102508,0.00111180512179887,boundary_tolerance
m0p1,-0.1,weak,0.1651924989208065,0.1749498746867168,0.16509681449094316,0.17510306058713304,0.00018061403656584785,-0.00016397583875428186,0.00111180512179887,boundary_tolerance
m0p1,-0.1,weak,0.1654979645759676,0.17545087719298247,0.1656527170518426,0.17565896314803248,0.00025932237365586524,1.5443297988640027e-05,0.00111180512179887,boundary_tolerance
m0p1,-0.1,weak,0.16578207014045726,0.17595187969924814,0.1656527170518426,0.17565896314803248,0.0003202066949803382,5.228388804367141e-05,0.00111180512179887,boundary_tolerance
m0p1,-0.1,weak,0.16608227501588174,0.1764528822055138,0.16620861961274205,0.1762148657089319,0.00026947135246796375,0.00023610385715059582,0.00111180512179887,boundary_tolerance
m0p1,-0.1,weak,0.16638458381772134,0.17695388471177945,0.16620861961274205,0.17677076826983135,0.00025395872252341223,-4.686876564526109e-05,0.00111180512179887,boundary_tolerance
m0p1,-0.1,weak,0.16666793233652352,0.17745488721804512,0.1667645221736415,0.1773266708307308,0.00016052737651381277,0.00015281288532375466,0.0015723298819638328,boundary_tolerance
m0p1,-0.1,weak,0.1669806034168172,0.17795588972431078,0.16732042473454092,0.17788257339163024,0.00034764034952406396,0.0003244436931615038,0.00111180512179887,boundary_tolerance
m0p1,-0.1,weak,0.1672633798574528,0.17845689223057645,0.16732042473454092,0.17843847595252968,5.994395131367281e-05,5.781059637417605e-05,0.00111180512179887,boundary_tolerance
m0p1,-0.1,weak,0.16756310804227711,0.17895789473684212,0.16787632729544036,0.17899437851342911,0.00031533690952089614,0.00023501386890427292,0.0015723298819638328,boundary_tolerance
m0p1,-0.1,weak,0.16786896844074997,0.1794588972431078,0.16787632729544036,0.17899437851342911,0.00046457701510583236,0.0002606712196456685,0.00111180512179887,boundary_tolerance
m0p1,-0.1,weak,0.16815228853065467,0.17995989974937346,0.1684322298563398,0.18010618363522798,0.0003158577545146617,0.00015403037504480724,0.00111180512179887,boundary_tolerance
m0p1,-0.1,weak,0.16846561800263724,0.1804609022556391,0.1684322298563398,0.18010618363522798,0.0003562864970491363,0.00016642411038708907,0.00111180512179887,boundary_tolerance
m0p1,-0.1,weak,0.16875076085436272,0.18096190476190477,0.16898813241723923,0.18066208619612742,0.00038240872276560733,0.00036674122523799,0.0015723298819638328,boundary_tolerance
m0p1,-0.1,weak,0.169048898891759,0.18146290726817044,0.16954403497813866,0.18121798875702685,0.0005523991501949979,0.0005483929604392846,0.00111180512179887,boundary_tolerance
m0p1,-0.1,weak,0.16935216652793264,0.1819639097744361,0.16954403497813866,0.1817738913179263,0.0002700379899177781,0.00026461823807261733,0.00111180512179887,boundary_tolerance
m0p1,-0.1,weak,0.16964064695278178,0.18246491228070177,0.1700999375390381,0.18232979387882572,0.0004787534074544159,0.00045326601616253574,0.0015723298819638328,boundary_tolerance
m0p1,-0.1,weak,0.1699512047112909,0.18296591478696744,0.1700999375390381,0.18232979387882572,0.0006532773253563295,0.0004729585076116622,0.00111180512179887,boundary_tolerance
m0p1,-0.1,weak,0.17023702425053167,0.18346691729323308,0.17065584009993753,0.18344159900062462,0.0004195804233447581,0.00036422678331594286,0.00111180512179887,boundary_tolerance
m0p1,-0.1,weak,0.1705368092947882,0.18396791979949875,0.17065584009993753,0.18344159900062462,0.0005396127462375218,0.00038795092192021397,0.00111180512179887,boundary_tolerance
m0p1,-0.1,weak,0.17083586338345877,0.18446892230576442,0.17121174266083697,0.18399750156152406,0.0006029284777338817,0.0005788107529661737,0.0015723298819638328,boundary_tolerance
m0p1,-0.1,weak,0.1711286690253488,0.1849699248120301,0.17176764522173643,0.18510930668332293,0.0006540014415848876,0.0004362997817570743,0.0015723298819638328,boundary_tolerance
m0p1,-0.1,weak,0.17143683247481506,0.18547092731829576,0.17176764522173643,0.18510930668332293,0.0004901087197386079,0.0004788454743956559,0.00111180512179887,boundary_tolerance
m0p1,-0.1,weak,0.1717244688861051,0.18597192982456143,0.17232354778263587,0.18566520924422236,0.0006730327173860546,0.0006641355891179678,0.0015723298819638328,boundary_tolerance
m0p1,-0.1,weak,0.1720259262717941,0.18647293233082707,0.17232354778263587,0.18566520924422236,0.0008608107506008288,0.0007191896091163172,0.0015723298819638328,boundary_tolerance
m0p1,-0.1,weak,0.17232334869831273,0.18697393483709274,0.1728794503435353,0.1862211118051218,0.0009359442062885857,0.0008885744486985962,0.00111180512179887,boundary_tolerance
m0p1,-0.1,weak,0.17261911991242052,0.1874749373433584,0.17343535290443474,0.18733291692692067,0.0008284962860131816,0.0007485959223218761,0.00111180512179887,boundary_tolerance
m0p1,-0.1,weak,0.17292500012889542,0.18797593984962407,0.17343535290443474,0.18733291692692067,0.0008209375339346581,0.0007902610629756674,0.0015723298819638328,boundary_tolerance
m0p1,-0.1,weak,0.17321618410628903,0.18847694235588974,0.17399125546533417,0.1878888194878201,0.0009729461031108273,0.0009723426481364531,0.0015723298819638328,boundary_tolerance
m0p1,-0.1,weak,0.17351900678949359,0.1889779448621554,0.1745471580262336,0.189000624609619,0.0010284013499383632,0.0008200970316805887,0.0015723298819638328,boundary_tolerance
m0p1,-0.1,weak,0.17381656530280146,0.18947894736842105,0.1745471580262336,0.189000624609619,0.000873245892701484,0.0008726992680266118,0.00111180512179887,boundary_tolerance
m0p1,-0.1,weak,0.17411459521683553,0.18997994987468672,0.1745471580262336,0.189000624609619,0.0010706019609893849,0.000929673921971827,0.0015723298819638328,boundary_tolerance
m0p1,-0.1,weak,0.1744200402333451,0.1904809523809524,0.17510306058713304,0.18955652717051844,0.0011493819092775375,0.0010985574189333973,0.0015723298819638328,boundary_tolerance
m0p1,-0.1,weak,0.17471394457004236,0.19098195488721806,0.17565896314803248,0.19011242973141787,0.001284186166144072,0.0012767253372147676,0.0015723298819638328,boundary_tolerance
m0p1,-0.1,weak,0.17501799089219888,0.19148295739348373,0.1762148657089319,0.19122423485321674,0.0012245189585187828,0.0011053073692054802,0.0015723298819638328,boundary_tolerance
m0p1,-0.1,weak,0.17531671045281536,0.1919839598997494,0.1762148657089319,0.19122423485321674,0.001176377919896001,0.0011752245165344477,0.0015723298819638328,boundary_tolerance
m0p1,-0.1,weak,0.17561657476323733,0.19248496240601504,0.17677076826983135,0.19178013741411618,0.0013523834219144428,0.001347180386436319,0.0015723298819638328,boundary_tolerance
m0p1,-0.1,weak,0.17592277190990863,0.1929859649122807,0.17677076826983135,0.19178013741411618,0.0014741498505144968,0.0013984212915549394,0.0015723298819638328,boundary_tolerance
m0p1,-0.1,weak,0.17621883011273978,0.19348696741854637,0.1773266708307308,0.1923360399750156,0.0015974808407962621,0.0015748564349063656,0.0015723298819638328,one_phase_side
m0p1,-0.1,weak,0.1765240045630017,0.19398796992481204,0.17788257339163024,0.1934478450968145,0.0014620000314433876,0.0014053060334269735,0.0015723298819638328,boundary_tolerance
m0p1,-0.1,weak,0.1768245672522732,0.1944889724310777,0.17788257339163024,0.1934478450968145,0.001484359497246951,0.0014737646486973769,0.0015723298819638328,boundary_tolerance
m0p1,-0.1,weak,0.17712595744504583,0.19498997493734338,0.17843847595252968,0.19400374765771394,0.0016417518325169916,0.001641693557374893,0.0015723298819638328,one_phase_side
m0p1,-0.1,weak,0.17743376971832409,0.19549097744360905,0.17843847595252968,0.19400374765771394,0.0017947944319908022,0.0016916351009179612,0.0015723298819638328,one_phase_side
m0p1,-0.1,weak,0.17773153008116177,0.1959919799498747,0.17955028107432855,0.19567145534041225,0.0018467786008117474,0.0016535549456744686,0.0015723298819638328,one_phase_side
m0p1,-0.1,weak,0.17803773446906945,0.19649298245614036,0.17955028107432855,0.19567145534041225,0.001721250718215497,0.0016991985712667143,0.0015723298819638328,one_phase_side
m0p1,-0.1,weak,0.1783406611132984,0.19699398496240603,0.17955028107432855,0.19567145534041225,0.0017922792893892302,0.0017657865064404695,0.0015723298819638328,one_phase_side
m0p1,-0.1,weak,0.17864330242556034,0.1974949874686717,0.18010618363522798,0.19622735790131168,0.0019356926805781955,0.001929801097357295,0.0015723298819638328,one_phase_side
m0p1,-0.1,weak,0.17895345025309659,0.19799598997493736,0.18066208619612742,0.19678326046221112,0.0020952683973310213,0.002094901205500414,0.0015723298819638328,one_phase_side
m0p1,-0.1,weak,0.17925248477023814,0.19849699248120303,0.18121798875702685,0.19789506558401,0.002055607431307538,0.0019233797438979025,0.0015723298819638328,one_phase_side
m0p1,-0.1,weak,0.17955959043047892,0.19899799498746867,0.18121798875702685,0.19789506558401,0.0019916672107836483,0.0019866606777888284,0.0015723298819638328,one_phase_side
m0p1,-0.1,weak,0.1798653474013669,0.19949899749373434,0.18121798875702685,0.19789506558401,0.002098150663816503,0.002055497457876061,0.0015723298819638328,one_phase_side
m0p1,-0.1,weak,0.18016894153456353,0.2,0.1817738913179263,0.19845096814490942,0.0022305522847944075,0.002219527922227403,0.0015723298819638328,one_phase_side
m0p1,-0.1,weak,0.1624248120300752,0.1701880492371442,0.16231730168644598,0.17065584009993753,0.0004799862136563945,-0.0003340313937565978,0.0011118051217989255,boundary_tolerance
m0p1,-0.1,weak,0.16292581453634086,0.171054310165993,0.16287320424734542,0.17121174266083697,0.0001659904603914841,-0.00013026952230274955,0.0011118051217989255,boundary_tolerance
m0p1,-0.1,weak,0.16342681704260653,0.17191447053278378,0.16342910680824485,0.17232354778263587,0.00040908365815958556,-0.0002222227616239496,0.0011118051217989255,boundary_tolerance
m0p1,-0.1,weak,0.1639278195488722,0.17277741068205374,0.16398500936914429,0.1728794503435353,0.00011697336473755574,-8.067378474087862e-06,0.0011118051217989255,boundary_tolerance
m0p1,-0.1,weak,0.16442882205513784,0.17363555988260354,0.16454091193004372,0.17399125546533417,0.0003729389864716462,-0.00010112255941713493,0.0011118051217989255,boundary_tolerance
m0p1,-0.1,weak,0.1649298245614035,0.17448391046306552,0.16509681449094316,0.1745471580262336,0.00017856620848961515,0.00010503902750274392,0.00111180512179887,boundary_tolerance
m0p1,-0.1,weak,0.16543082706766918,0.17533614502947653,0.1656527170518426,0.17565896314803248,0.0003917227370787628,8.743148996729975e-06,0.00111180512179887,boundary_tolerance
m0p1,-0.1,weak,0.16593182957393485,0.1761909681041299,0.16620861961274205,0.1762148657089319,0.0002778197636925203,0.00021845109155926363,0.00111180512179887,boundary_tolerance
m0p1,-0.1,weak,0.16643283208020052,0.17703185076608882,0.16620861961274205,0.17677076826983135,0.0003441443017338027,-4.451166326838892e-05,0.00111180512179887,boundary_tolerance
m0p1,-0.1,weak,0.16693383458646618,0.17787574181487684,0.16732042473454092,0.17788257339163024,0.0003866505050163344,0.0003196535282782098,0.00111180512179887,boundary_tolerance
m0p1,-0.1,weak,0.16743483709273185,0.1787310110726066,0.16732042473454092,0.17843847595252968,0.00031411301180504135,6.457335836782984e-05,0.00111180512179887,boundary_tolerance
m0p1,-0.1,weak,0.1679358395989975,0.17956839356261148,0.1684322298563398,0.17955028107432855,0.0004967205953211056,0.0004251724340581259,0.00111180512179887,boundary_tolerance
m0p1,-0.1,weak,0.16843684210526316,0.18041073018219114,0.1684322298563398,0.18010618363522798,0.00030458147039390656,0.00016300631970012818,0.00111180512179887,boundary_tolerance
m0p1,-0.1,weak,0.16893784461152883,0.18126526099507229,0.16898813241723923,0.18066208619612742,0.0006052674627677808,0.0003725541286025019,0.00111180512179887,boundary_tolerance
m0p1,-0.1,weak,0.1694388471177945,0.18210706318208322,0.16954403497813866,0.1817738913179263,0.00034938227921517363,0.00027054222680508044,0.00111180512179887,boundary_tolerance
m0p1,-0.1,weak,0.16993984962406017,0.18294601650140152,0.1700999375390381,0.18232979387882572,0.0006366776744131782,0.0004715549438926023,0.00111180512179887,boundary_tolerance
m0p1,-0.1,weak,0.17044085213032584,0.1838003880046623,0.17065584009993753,0.18344159900062462,0.0004182695022304563,0.00037642991820328826,0.00111180512179887,boundary_tolerance
m0p1,-0.1,weak,0.17094185463659148,0.18464447992420682,0.17121174266083697,0.18399750156152406,0.0007010139423797547,0.0005933015450479082,0.0015723298819638328,boundary_tolerance
m0p1,-0.1,weak,0.17144285714285715,0.18548100238092372,0.17176764522173643,0.18510930668332293,0.0004936040800044432,0.00047973828449577883,0.00111180512179887,boundary_tolerance
m0p1,-0.1,weak,0.17194385964912282,0.18633193784260269,0.17232354778263587,0.18566520924422236,0.0007672614304321665,0.0007014668420117761,0.0015723298819638328,boundary_tolerance
m0p1,-0.1,weak,0.17244486215538848,0.18717516790093208,0.17343535290443474,0.18733291692692067,0.0010029739174806855,0.0007179496722842152,0.00111180512179887,boundary_tolerance
m0p1,-0.1,weak,0.17294586466165415,0.18801076157144708,0.17343535290443474,0.18733291692692067,0.0008361053174891102,0.0007937425599798696,0.0015723298819638328,boundary_tolerance
m0p1,-0.1,weak,0.17344686716791982,0.188855424326467,0.17399125546533417,0.1878888194878201,0.0011093617680708414,0.0010073559555640694,0.0015723298819638328,boundary_tolerance
m0p1,-0.1,weak,0.17394786967418546,0.18969599023640063,0.1745471580262336,0.189000624609619,0.0009179759712595909,0.0008906933325994349,0.00111180512179887,boundary_tolerance
m0p1,-0.1,weak,0.17444887218045113,0.19052893232687365,0.17510306058713304,0.18955652717051844,0.0011719787794765009,0.0011038603854057324,0.0015723298819638328,boundary_tolerance
m0p1,-0.1,weak,0.1749498746867168,0.1913683373558309,0.1762148657089319,0.19122423485321674,0.001273172344007085,0.001089133369805086,0.0015723298819638328,boundary_tolerance
m0p1,-0.1,weak,0.17545087719298247,0.19220512165061723,0.1762148657089319,0.19122423485321674,0.0012433090371332576,0.0012042682033323398,0.0015723298819638328,boundary_tolerance
m0p1,-0.1,weak,0.17595187969924814,0.19303424457123533,0.17677076826983135,0.19178013741411618,0.001497786117097265,0.0014036803615848172,0.0015723298819638328,boundary_tolerance
m0p1,-0.1,weak,0.1764528822055138,0.19386923313919016,0.17788257339163024,0.1934478450968145,0.0014904981616614675,0.0013889939977549497,0.0015723298819638328,boundary_tolerance
m0p1,-0.1,weak,0.17695388471177945,0.19470146529760307,0.17788257339163024,0.1934478450968145,0.0015601366196292474,0.0014917247884251759,0.0015723298819638328,boundary_tolerance
m0p1,-0.1,weak,0.17745488721804512,0.1955258869221878,0.17843847595252968,0.19400374765771394,0.0018122788800452277,0.0016953809791678215,0.0015723298819638328,one_phase_side
m0p1,-0.1,weak,0.17795588972431078,0.19635727678581533,0.17955028107432855,0.19567145534041225,0.0017356367223547214,0.0016809970490664775,0.0015723298819638328,one_phase_side
m0p1,-0.1,weak,0.17845689223057645,0.19718435989054642,0.17955028107432855,0.19567145534041225,0.001866649228285331,0.0017782295948879122,0.0015723298819638328,one_phase_side
m0p08,-0.08,weak,0.14919416655029846,0.14388771929824562,0.14730793254216115,0.14452841973766398,0.0019920782581326017,-0.0019728151740433034,0.00111180512179887,two_phase_side
m0p08,-0.08,weak,0.14944864947061912,0.1443887218045113,0.1478638351030606,0.14564022485946285,0.002019380220803656,-0.0019930818579110537,0.00111180512179887,two_phase_side
m0p08,-0.08,weak,0.14970350112252742,0.14488972431077696,0.1478638351030606,0.14564022485946285,0.0019868623849574408,-0.0019726902621850268,0.00111180512179887,two_phase_side
m0p08,-0.08,weak,0.15021566955761836,0.14589172932330827,0.14897564022485946,0.14730793254216115,0.0018823666760734408,-0.0017795200088447215,0.00111180512179887,two_phase_side
m0p08,-0.08,weak,0.15047296948807132,0.14639273182957394,0.14897564022485946,0.14730793254216115,0.0017548752852526936,-0.0017548547771221554,0.00111180512179887,two_phase_side
m0p08,-0.08,weak,0.15073069944374998,0.1468937343358396,0.14897564022485946,0.14730793254216115,0.0018032728623069195,-0.0017354691286360564,0.00111180512179887,two_phase_side
m0p08,-0.08,weak,0.1509894168265513,0.14739473684210527,0.1495315427857589,0.14841973766396002,0.0017821401189635055,-0.0017743968155289743,0.0011118051217989255,two_phase_side
m0p08,-0.08,weak,0.15124861922880004,0.14789573934837094,0.1495315427857589,0.14841973766396002,0.0017952508866414796,-0.0017692406623244798,0.00111180512179887,two_phase_side
m0p08,-0.08,weak,0.15150875835491545,0.1483967418546366,0.15008744534665835,0.1495315427857589,0.0018187643664633515,-0.0017798805798085737,0.00111180512179887,two_phase_side
m0p08,-0.08,weak,0.15176945836910227,0.14889774436090225,0.15008744534665835,0.1495315427857589,0.0017974616132261857,-0.001787321959585776,0.00111180512179887,two_phase_side
m0p08,-0.08,weak,0.15203102194106366,0.14939874686716792,0.1506433479075578,0.1506433479075578,0.0018640469342283195,-0.0017992340386221097,0.00111180512179887,two_phase_side
m0p08,-0.08,weak,0.15255623631535872,0.15040075187969926,0.15119925046845722,0.15175515302935666,0.0019172410028174003,-0.0018503607225509285,0.0011118051217989255,two_phase_side
m0p08,-0.08,weak,0.1528200187395925,0.15090175438596493,0.15119925046845722,0.15175515302935666,0.0018317147794516707,-0.001831263317317079,0.00111180512179887,two_phase_side
m0p08,-0.08,weak,0.1530844312330874,0.1514027568922306,0.15119925046845722,0.15175515302935666,0.0019178345999572013,-0.0017955708497650214,0.00111180512179887,two_phase_side
m0p08,-0.08,weak,0.153349805847497,0.15190375939849624,0.1523110555902561,0.15342286071205496,0.0018402909818215959,-0.0016558863848341475,0.00111180512179887,two_phase_side
m0p08,-0.08,weak,0.1536156376798428,0.1524047619047619,0.1523110555902561,0.15342286071205496,0.0016548291784598032,-0.0016431494093652138,0.0011118051217989255,two_phase_side
m0p08,-0.08,weak,0.15388264474537958,0.15290576441102757,0.1523110555902561,0.15342286071205496,0.0016544730451228122,-0.0016250157259888247,0.00111180512179887,two_phase_side
m0p08,-0.08,weak,0.1541498881302104,0.15340676691729324,0.15286695815115553,0.15453466583385383,0.0017082345556557266,-0.0016736232890173033,0.0011118051217989255,two_phase_side
m0p08,-0.08,weak,0.15441851451507155,0.1539077694235589,0.15286695815115553,0.15453466583385383,0.0016734175389450648,-0.0016580678217255126,0.0011118051217989255,two_phase_side
m0p08,-0.08,weak,0.15495731891839198,0.15490977443609025,0.15342286071205496,0.15564647095565273,0.0017021409309838306,-0.0016991537720475482,0.00111180512179887,two_phase_side
m0p08,-0.08,weak,0.15522766049161754,0.1554107769423559,0.15342286071205496,0.15564647095565273,0.0018201246968856555,-0.0016664044789103868,0.0011118051217989255,two_phase_side
m0p08,-0.08,weak,0.15549923095598525,0.15591177944862156,0.15453466583385383,0.15731417863835104,0.0017020897045062868,-0.0015335500278318762,0.00111180512179887,two_phase_side
m0p08,-0.08,weak,0.15577125832315233,0.15641278195488723,0.15453466583385383,0.15731417863835104,0.0015302538892448595,-0.0015245869787346954,0.00111180512179887,two_phase_side
m0p08,-0.08,weak,0.15604428553303165,0.1569137844611529,0.15453466583385383,0.15731417863835104,0.0015618153326433634,-0.0015141865687898276,0.00111180512179887,two_phase_side
m0p08,-0.08,weak,0.1563180533035588,0.15741478696741856,0.1550905683947533,0.1584259837601499,0.0015903578700957263,-0.0015675542373374662,0.00111180512179887,two_phase_side
m0p08,-0.08,weak,0.15659252003444313,0.15791578947368423,0.1550905683947533,0.1584259837601499,0.0015862398740131298,-0.0015570684799243245,0.00111180512179887,two_phase_side
m0p08,-0.08,weak,0.15742137918370505,0.1594187969924812,0.15620237351655217,0.16064959400374768,0.00173229215188816,-0.0016799647638293313,0.00111180512179887,two_phase_side
m0p08,-0.08,weak,0.15769869491299787,0.15991979949874688,0.1567582760774516,0.1612054965646471,0.001592923266047259,-0.0014546498719849772,0.00111180512179887,two_phase_side
m0p08,-0.08,weak,0.1579775928127007,0.16042080200501255,0.1567582760774516,0.1612054965646471,0.001449992707836363,-0.0014494229739964834,0.00111180512179887,two_phase_side
m0p08,-0.08,weak,0.15825672958100392,0.16092180451127822,0.1567582760774516,0.1612054965646471,0.001525071828948685,-0.0014221540205350178,0.00111180512179887,two_phase_side
m0p08,-0.08,weak,0.15853709508653677,0.16142280701754386,0.15731417863835104,0.16231730168644598,0.0015151387236611437,-0.0015108870390479008,0.00111180512179887,two_phase_side
m0p08,-0.08,weak,0.1588181356027504,0.16192380952380953,0.15731417863835104,0.16231730168644598,0.00155458117601548,-0.0014906007761550277,0.00111180512179887,two_phase_side
m0p08,-0.08,weak,0.15909993274520023,0.1624248120300752,0.15787008119925047,0.16342910680824485,0.0015878107023615435,-0.001566181900568714,0.00111180512179887,two_phase_side
m0p08,-0.08,weak,0.15938297878527907,0.16292581453634086,0.1584259837601499,0.16398500936914429,0.0014274919166003854,-0.0013565855573125871,0.00111180512179887,two_phase_side
m0p08,-0.08,weak,0.15966615869682887,0.16342681704260653,0.1584259837601499,0.16398500936914429,0.0013600046128496442,-0.0013500828986842779,0.00111180512179887,two_phase_side
m0p08,-0.08,weak,0.15995102997968863,0.1639278195488722,0.15898188632104934,0.16509681449094316,0.0015184823363043184,-0.0014404338350454038,0.00111180512179887,two_phase_side
m0p08,-0.08,weak,0.16023583411730422,0.16442882205513784,0.15898188632104934,0.16509681449094316,0.0014207740742375509,-0.0014175755551554842,0.00111180512179887,two_phase_side
m0p08,-0.08,weak,0.16052217892737147,0.1649298245614035,0.15898188632104934,0.16509681449094316,0.0015493182209146952,-0.0014045055364064875,0.00111180512179887,two_phase_side
m0p08,-0.08,weak,0.1608090314724451,0.16543082706766918,0.15953778888194878,0.16620861961274205,0.0014903083463037928,-0.0014900123313109056,0.00111180512179887,two_phase_side
m0p08,-0.08,weak,0.16109679367107027,0.16593182957393485,0.1600936914428482,0.1667645221736415,0.001303683644858009,-0.001295373326584861,0.00111180512179887,two_phase_side
m0p08,-0.08,weak,0.16138583897783979,0.16643283208020052,0.1600936914428482,0.1667645221736415,0.001334040318083257,-0.0012626650094595647,0.00111180512179887,two_phase_side
m0p08,-0.08,weak,0.16167494186394096,0.16693383458646618,0.16064959400374768,0.16787632729544036,0.0013927062651084867,-0.0013716019199474724,0.00111180512179887,two_phase_side
m0p08,-0.08,weak,0.1619658710449416,0.16743483709273185,0.1612054965646471,0.1684322298563398,0.0012541776888386207,-0.0011667301346416216,0.00111180512179887,two_phase_side
m0p08,-0.08,weak,0.1622567056146826,0.1679358395989975,0.1612054965646471,0.1684322298563398,0.0011625161308390069,-0.001156399508052451,0.00111180512179887,two_phase_side
m0p08,-0.08,weak,0.1625490735246824,0.16843684210526316,0.1612054965646471,0.1684322298563398,0.0013435848765068,-0.0011383454716116892,0.00111180512179887,two_phase_side
m0p08,-0.08,weak,0.16284218775615986,0.16893784461152883,0.16176139912554655,0.16954403497813866,0.0012391815139976704,-0.0012379029672793462,0.0011118051217989255,two_phase_side
m0p08,-0.08,weak,0.16313590143159407,0.1694388471177945,0.16176139912554655,0.16954403497813866,0.0013785213365391682,-0.001230654677561005,0.0011118051217989255,two_phase_side
m0p08,-0.08,weak,0.16343146197398722,0.16993984962406017,0.16231730168644598,0.17065584009993753,0.001324384954566112,-0.0013243818468094016,0.0011118051217989255,two_phase_side
m0p08,-0.08,weak,0.1637264512272432,0.17044085213032584,0.16287320424734542,0.17121174266083697,0.0011499141788570177,-0.0011361519157761515,0.0011118051217989255,two_phase_side
m0p08,-0.08,weak,0.16402345350126446,0.17094185463659148,0.16287320424734542,0.17121174266083697,0.0011814875758011394,-0.0011100998893062157,0.0011118051217989255,boundary_tolerance
m0p08,-0.08,weak,0.16432084814245096,0.17144285714285715,0.16342910680824485,0.17232354778263587,0.0012533230270467151,-0.0012285146046810982,0.0011118051217989255,two_phase_side
m0p08,-0.08,weak,0.16461917435543655,0.17194385964912282,0.16398500936914429,0.1728794503435353,0.0011302633221114023,-0.001043123066552873,0.0011118051217989255,boundary_tolerance
m0p08,-0.08,weak,0.16491926164282128,0.17244486215538848,0.16398500936914429,0.1728794503435353,0.0010303854638664925,-0.0010196517652478131,0.0011118051217989255,boundary_tolerance
m0p08,-0.08,weak,0.16521874324144298,0.17294586466165415,0.16398500936914429,0.1728794503435353,0.0012355201857146318,-0.0009956737834040667,0.0011118051217989255,boundary_tolerance
m0p08,-0.08,weak,0.16552039883312333,0.17344686716791982,0.16454091193004372,0.17399125546533417,0.0011206039495139152,-0.0011142418635736169,0.0015723298819638328,boundary_tolerance
m0p08,-0.08,weak,0.16582232145651712,0.17394786967418546,0.16509681449094316,0.1745471580262336,0.0009410137544143168,-0.0009352699269949676,0.00111180512179887,boundary_tolerance
m0p08,-0.08,weak,0.1661252380024504,0.17444887218045113,0.16509681449094316,0.1745471580262336,0.0010331093971608655,-0.0009141654027096446,0.00111180512179887,boundary_tolerance
m0p08,-0.08,weak,0.16643013929951575,0.1749498746867168,0.1656527170518426,0.17565896314803248,0.0010522318172096021,-0.001043946341973817,0.0015723298819638328,boundary_tolerance
m0p08,-0.08,weak,0.16673408479293417,0.17545087719298247,0.16620861961274205,0.1762148657089319,0.0009272497549727167,-0.0008581689000266712,0.00111180512179887,boundary_tolerance
m0p08,-0.08,weak,0.16704038222193823,0.17595187969924814,0.16620861961274205,0.1762148657089319,0.0008723477972381374,-0.0008398926066085651,0.00111180512179887,boundary_tolerance
m0p08,-0.08,weak,0.16734716271279454,0.1764528822055138,0.1667645221736415,0.1773266708307308,0.0010502269085408062,-0.0009661589244185122,0.00111180512179887,boundary_tolerance
m0p08,-0.08,weak,0.16765458992170035,0.17695388471177945,0.1667645221736415,0.1773266708307308,0.0009649819099948912,-0.0009422980882062426,0.0015723298819638328,boundary_tolerance
m0p08,-0.08,weak,0.16796423804125532,0.17745488721804512,0.16732042473454092,0.17788257339163024,0.0007729236941499564,-0.0007729073785849132,0.00111180512179887,boundary_tolerance
m0p08,-0.08,weak,0.1682730264435676,0.17795588972431078,0.16732042473454092,0.17788257339163024,0.0009554189137118086,-0.000756714874358032,0.00111180512179887,boundary_tolerance
m0p08,-0.08,weak,0.1685838883604858,0.17845689223057645,0.16787632729544036,0.17899437851342911,0.0008885573504411542,-0.000887989557571739,0.0015723298819638328,boundary_tolerance
m0p08,-0.08,weak,0.1688960334073007,0.17895789473684212,0.1684322298563398,0.17955028107432855,0.0007523531795138005,-0.000712563868319147,0.00111180512179887,boundary_tolerance
m0p08,-0.08,weak,0.1692077689924813,0.1794588972431078,0.1684322298563398,0.17955028107432855,0.0007809045756657458,-0.0006988367890670563,0.00111180512179887,boundary_tolerance
m0p08,-0.08,weak,0.16952203895269835,0.17995989974937346,0.16898813241723923,0.18066208619612742,0.0008821122347019769,-0.0008313683186520381,0.00111180512179887,boundary_tolerance
m0p08,-0.08,weak,0.16983622621194225,0.1804609022556391,0.16954403497813866,0.18121798875702685,0.0008115144408420666,-0.0006592451189061222,0.00111180512179887,boundary_tolerance
m0p08,-0.08,weak,0.1701514364357542,0.18096190476190477,0.16954403497813866,0.18121798875702685,0.0006591779299029714,-0.0006484247004358044,0.00111180512179887,boundary_tolerance
m0p08,-0.08,weak,0.17046910279110805,0.18146290726817044,0.1700999375390381,0.18232979387882572,0.00094221832876955,-0.0007837974372918019,0.00111180512179887,boundary_tolerance
m0p08,-0.08,weak,0.17078542369627833,0.1819639097744361,0.1700999375390381,0.18232979387882572,0.000777021524549337,-0.0007710940177864865,0.0015723298819638328,boundary_tolerance
m0p08,-0.08,weak,0.1711040762794693,0.18246491228070177,0.17065584009993753,0.1828856964397252,0.0006147966990203162,-0.0006055183490194751,0.00111180512179887,boundary_tolerance
m0p08,-0.08,weak,0.17142463824922174,0.18296591478696744,0.17065584009993753,0.1828856964397252,0.0007729719125408809,-0.0005991748594300164,0.00111180512179887,boundary_tolerance
m0p08,-0.08,weak,0.17174365794100152,0.18346691729323308,0.17121174266083697,0.18399750156152406,0.0007513012252288703,-0.0007404380651802754,0.0015723298819638328,boundary_tolerance
m0p08,-0.08,weak,0.17206573145305296,0.18396791979949875,0.17176764522173643,0.1845534041224235,0.0006569987014379324,-0.0005845083284556013,0.0015723298819638328,boundary_tolerance
m0p08,-0.08,weak,0.1723885420904923,0.18446892230576442,0.17176764522173643,0.1845534041224235,0.0006266179848814399,-0.0005558571400581631,0.00111180512179887,boundary_tolerance
m0p08,-0.08,weak,0.17271095446445864,0.1849699248120301,0.17232354778263587,0.18566520924422236,0.0007959298830737925,-0.0007175945315976792,0.00111180512179887,boundary_tolerance
m0p08,-0.08,weak,0.17303643365300475,0.18547092731829576,0.17232354778263587,0.18566520924422236,0.0007388854653553232,-0.0006889087810999408,0.0015723298819638328,boundary_tolerance
m0p08,-0.08,weak,0.1733615835287187,0.18597192982456143,0.1728794503435353,0.1862211118051218,0.0005427191425507965,-0.000535877748453857,0.0015723298819638328,boundary_tolerance
m0p08,-0.08,weak,0.17368732365979223,0.18647293233082707,0.17343535290443474,0.18677701436602123,0.0003949115669149848,-0.00038125195297102277,0.00111180512179887,boundary_tolerance
m0p08,-0.08,weak,0.1740161950505054,0.18697393483709274,0.17343535290443474,0.18677701436602123,0.0006133149847989904,-0.0003554808686350713,0.0015723298819638328,boundary_tolerance
m0p08,-0.08,weak,0.17434376020438902,0.1874749373433584,0.17399125546533417,0.1878888194878201,0.0005436524814257173,-0.0005265590211656308,0.0015723298819638328,boundary_tolerance
m0p08,-0.08,weak,0.1746727496289184,0.18797593984962407,0.1745471580262336,0.18844472204871957,0.0004853143320094112,-0.0003763438161358168,0.0015723298819638328,boundary_tolerance
m0p08,-0.08,weak,0.17500499685657223,0.18847694235588974,0.1745471580262336,0.18844472204871957,0.0004589711785722233,-0.00035534330457472947,0.00111180512179887,boundary_tolerance
m0p08,-0.08,weak,0.17533504393888844,0.1889779448621554,0.17510306058713304,0.18955652717051844,0.0006233568504816097,-0.0005233162575696906,0.00111180512179887,boundary_tolerance
m0p08,-0.08,weak,0.17566717393676476,0.18947894736842105,0.17510306058713304,0.18955652717051844,0.000569422950824943,-0.0004999057077174601,0.0015723298819638328,boundary_tolerance
m0p08,-0.08,weak,0.1760027721106436,0.18997994987468672,0.17565896314803248,0.19011242973141787,0.0003684501529532152,-0.00035528028061763815,0.0015723298819638328,boundary_tolerance
m0p08,-0.08,weak,0.1763353675642903,0.1904809523809524,0.1762148657089319,0.1906683322923173,0.00022278224419360266,-0.0002099181993014559,0.0015723298819638328,boundary_tolerance
m0p08,-0.08,weak,0.17667046974116504,0.19098195488721806,0.1762148657089319,0.19122423485321674,0.000516018038552346,-0.0005086612067979844,0.0015723298819638328,boundary_tolerance
m0p08,-0.08,weak,0.1770093776222051,0.19148295739348373,0.17677076826983135,0.19178013741411618,0.00038111728864395394,-0.00036847287419321056,0.0015723298819638328,boundary_tolerance
m0p08,-0.08,weak,0.17734461444773655,0.1919839598997494,0.1773266708307308,0.1923360399750156,0.00035253702329076324,-0.00022355674408844188,0.0015723298819638328,boundary_tolerance
m0p08,-0.08,weak,0.17768239811184977,0.19248496240601504,0.1773266708307308,0.1923360399750156,0.00038564204774255053,-0.00019772704010580602,0.0015723298819638328,boundary_tolerance
m0p08,-0.08,weak,0.17802454471290421,0.1929859649122807,0.17788257339163024,0.19289194253591505,0.00017028230478156778,-5.4863190326000355e-05,0.0015723298819638328,boundary_tolerance
m0p08,-0.08,weak,0.17836265039347596,0.19348696741854637,0.17788257339163024,0.1934478450968145,0.0004816684375780302,-0.00035598297516697735,0.0015723298819638328,boundary_tolerance
m0p08,-0.08,weak,0.17870253825310653,0.19398796992481204,0.17843847595252968,0.19400374765771394,0.00026453324071175376,-0.0002218081780775898,0.0015723298819638328,boundary_tolerance
m0p08,-0.08,weak,0.17904778772276453,0.1944889724310777,0.17899437851342911,0.19455965021861338,8.858833609889604e-05,-8.494717194369641e-05,0.0015723298819638328,boundary_tolerance
m0p08,-0.08,weak,0.17938953938649077,0.19498997493734338,0.17955028107432855,0.1951155527795128,0.00020397961822904995,5.042436454554177e-05,0.0015723298819638328,boundary_tolerance
m0p08,-0.08,weak,0.17973024912708857,0.19549097744360905,0.17955028107432855,0.19567145534041225,0.0002548740301575272,-0.00025275610391623345,0.0015723298819638328,boundary_tolerance
m0p08,-0.08,weak,0.18007824331263436,0.1959919799498747,0.18010618363522798,0.19622735790131168,0.00023703046565644553,-0.00011732703863720496,0.0015723298819638328,boundary_tolerance
m0p08,-0.08,weak,0.1804258060553664,0.19649298245614036,0.18066208619612742,0.19678326046221112,0.0003742854869300482,1.7672950451206728e-05,0.0015723298819638328,boundary_tolerance
m0p08,-0.08,weak,0.18076505536413864,0.19699398496240603,0.18066208619612742,0.19678326046221112,0.0002345367019110609,4.232355036539285e-05,0.0015723298819638328,boundary_tolerance
m0p08,-0.08,weak,0.18111457501792458,0.1974949874686717,0.18121798875702685,0.19733916302311055,0.00018701780468594707,0.0001771033040468292,0.0015723298819638328,boundary_tolerance
m0p08,-0.08,weak,0.18147014055308847,0.19799598997493736,0.18121798875702685,0.19789506558401,0.0002715994494492917,-0.00012845487927549214,0.0015723298819638328,boundary_tolerance
m0p08,-0.08,weak,0.18180740937562131,0.19849699248120303,0.1817738913179263,0.19845096814490942,5.693592646927195e-05,2.2062831579219926e-06,0.0015723298819638328,boundary_tolerance
m0p08,-0.08,weak,0.18215583409299868,0.19899799498746867,0.18232979387882572,0.19900687070580889,0.00017418606563398138,0.0001322339900013033,0.0015723298819638328,boundary_tolerance
m0p08,-0.08,weak,0.1825132526592705,0.19949899749373434,0.1828856964397252,0.19956277326670832,0.00037786468321056137,0.0002528295519846828,0.0015723298819638328,boundary_tolerance
m0p08,-0.08,weak,0.18285752193772276,0.2,0.1828856964397252,0.19956277326670832,0.0004381335628184718,0.0002930118884742601,0.0015723298819638328,boundary_tolerance
m0p08,-0.08,weak,0.17094185463659148,0.18220995618072544,0.17065584009993753,0.1828856964397252,0.0007337773591563144,-0.0006095075262103563,0.00111180512179887,boundary_tolerance
m0p08,-0.08,weak,0.17144285714285715,0.18299448544998861,0.17065584009993753,0.1828856964397252,0.0007945003930773278,-0.0005987614202735415,0.00111180512179887,boundary_tolerance
m0p08,-0.08,weak,0.17194385964912282,0.18377841766278188,0.17121174266083697,0.18399750156152406,0.000764194372672823,-0.0007246467557006489,0.0015723298819638328,boundary_tolerance
m0p08,-0.08,weak,0.17244486215538848,0.18455629956568667,0.17176764522173643,0.1845534041224235,0.0006772231233624404,-0.00055143855662695,0.00111180512179887,boundary_tolerance
m0p08,-0.08,weak,0.17294586466165415,0.18533155377405505,0.17232354778263587,0.18566520924422236,0.0007061191618159284,-0.000698828659006806,0.0015723298819638328,boundary_tolerance
m0p08,-0.08,weak,0.17344686716791982,0.18610284732668864,0.1728794503435353,0.1862211118051218,0.0005796105066798573,-0.0005267283739891189,0.0015723298819638328,boundary_tolerance
m0p08,-0.08,weak,0.17394786967418546,0.18686984090654127,0.17343535290443474,0.18677701436602123,0.0005208552638695672,-0.0003610619874913861,0.0015723298819638328,boundary_tolerance
m0p08,-0.08,weak,0.17444887218045113,0.1876346092787823,0.17399125546533417,0.1878888194878201,0.000523484372578088,-0.000520500417194196,0.0015723298819638328,boundary_tolerance
m0p08,-0.08,weak,0.1749498746867168,0.18839376791030138,0.1745471580262336,0.18844472204871957,0.00040592737386467944,-0.000356267996358336,0.0015723298819638328,boundary_tolerance
m0p08,-0.08,weak,0.17545087719298247,0.18915207514114293,0.17510306058713304,0.18955652717051844,0.0005334396267344387,-0.0005200447772759633,0.0015723298819638328,boundary_tolerance
m0p08,-0.08,weak,0.17595187969924814,0.18990385547754768,0.17565896314803248,0.19011242973141787,0.00035958771579905775,-0.00035953454604893773,0.0015723298819638328,boundary_tolerance
m0p08,-0.08,weak,0.1764528822055138,0.19065575912213997,0.1762148657089319,0.1906683322923173,0.0002383483527390677,-0.00019603778547852636,0.0015723298819638328,boundary_tolerance
m0p08,-0.08,weak,0.17695388471177945,0.19140068581558264,0.17677076826983135,0.19178013741411618,0.0004213254643875493,-0.00037269505349665294,0.0015723298819638328,boundary_tolerance
m0p08,-0.08,weak,0.17745488721804512,0.19214621539680396,0.1773266708307308,0.1923360399750156,0.00022906944900872987,-0.0002158975156543642,0.0015723298819638328,boundary_tolerance
m0p08,-0.08,weak,0.17795588972431078,0.19288495201776631,0.17788257339163024,0.19289194253591505,7.364884236504542e-05,-6.229165719449218e-05,0.0015723298819638328,boundary_tolerance
m0p08,-0.08,weak,0.17845689223057645,0.19362403370051054,0.17843847595252968,0.19400374765771394,0.00038016029328714,-0.00024035039530523122,0.0015723298819638328,boundary_tolerance
m0p08,-0.08,weak,0.17895789473684212,0.1943575436166374,0.17899437851342911,0.19455965021861338,0.00020537318353749452,-9.069204781255821e-05,0.0015723298819638328,boundary_tolerance
m0p08,-0.08,weak,0.1794588972431078,0.195089703380004,0.17955028107432855,0.1951155527795128,9.496944805330955e-05,5.6511335505610065e-05,0.0015723298819638328,boundary_tolerance
m0p08,-0.08,weak,0.17995989974937346,0.19581967436017264,0.18010618363522798,0.19622735790131168,0.00043313374952359585,-0.0001334911995424885,0.0015723298819638328,boundary_tolerance
m0p06,-0.06,weak,0.14986195650033637,0.14338671679197995,0.14730793254216115,0.14452841973766398,0.0027975925355770825,-0.002794600989833941,0.00111180512179887,two_phase_side
m0p06,-0.06,weak,0.15220571873486163,0.14789573934837094,0.15008744534665835,0.1495315427857589,0.0026763660125140643,-0.0026277182806150514,0.00111180512179887,two_phase_side
m0p06,-0.06,weak,0.1584818082923065,0.1594187969924812,0.1567582760774516,0.1612054965646471,0.0024825105552283948,-0.0023831675937413433,0.00111180512179887,two_phase_side
m0p06,-0.06,weak,0.1596178827449748,0.16142280701754386,0.15731417863835104,0.16231730168644598,0.002471269577275914,-0.0024341978204275652,0.00111180512179887,two_phase_side
m0p06,-0.06,weak,0.15990420857265708,0.16192380952380953,0.15787008119925047,0.16342910680824485,0.002530532372006023,-0.0025130696764293398,0.00111180512179887,two_phase_side
m0p06,-0.06,weak,0.16076799171129977,0.16342681704260653,0.1584259837601499,0.16398500936914429,0.0024076087548966086,-0.0022834012594935035,0.00111180512179887,two_phase_side
m0p06,-0.06,weak,0.16105777383062625,0.1639278195488722,0.15898188632104934,0.16509681449094316,0.0023824059534438896,-0.0023801295805430706,0.00111180512179887,two_phase_side
m0p06,-0.06,weak,0.16134843852090955,0.16442882205513784,0.15898188632104934,0.16509681449094316,0.002459020782538508,-0.0023707906380616654,0.00111180512179887,two_phase_side
m0p06,-0.06,weak,0.16222571424644627,0.16593182957393485,0.1600936914428482,0.1667645221736415,0.0022888639541633615,-0.0022397561848706005,0.00111180512179887,two_phase_side
m0p06,-0.06,weak,0.16252008037932408,0.16643283208020052,0.16064959400374768,0.16787632729544036,0.0023627098251027966,-0.00235351535167787,0.00111180512179887,two_phase_side
m0p06,-0.06,weak,0.1628152321459068,0.16693383458646618,0.1612054965646471,0.1684322298563398,0.0021991900841794114,-0.002152784374952852,0.00111180512179887,two_phase_side
m0p06,-0.06,weak,0.16311133119712878,0.16743483709273185,0.1612054965646471,0.1684322298563398,0.002151045785487617,-0.0021469588337862454,0.00111180512179887,two_phase_side
m0p06,-0.06,weak,0.1634085379812311,0.1679358395989975,0.1612054965646471,0.1684322298563398,0.002258272519154563,-0.002132760384711572,0.00111180512179887,two_phase_side
m0p06,-0.06,weak,0.16370634721244146,0.16843684210526316,0.16176139912554655,0.16954403497813866,0.002238012314189195,-0.00223630423302116,0.0011118051217989255,two_phase_side
m0p06,-0.06,weak,0.16400540169444242,0.16893784461152883,0.16176139912554655,0.16954403497813866,0.00232443848913707,-0.002233943026293106,0.0011118051217989255,two_phase_side
m0p06,-0.06,weak,0.16430519826764892,0.1694388471177945,0.16287320424734542,0.17121174266083697,0.002278983431428327,-0.002161593897163262,0.0011118051217989255,two_phase_side
m0p06,-0.06,weak,0.16460601674361666,0.16993984962406017,0.16287320424734542,0.17121174266083697,0.002149500184748794,-0.0021464454177722693,0.0011118051217989255,two_phase_side
m0p06,-0.06,weak,0.16490796432019872,0.17044085213032584,0.16287320424734542,0.17121174266083697,0.002175895393650557,-0.002124530315607989,0.0011118051217989255,two_phase_side
m0p06,-0.06,weak,0.16521051591021277,0.17094185463659148,0.16342910680824485,0.17232354778263587,0.002254438807863319,-0.0022520736963817212,0.0015723298819638328,two_phase_side
m0p06,-0.06,weak,0.16551436222639943,0.17144285714285715,0.16398500936914429,0.1728794503435353,0.0020982659951086194,-0.002066485232724398,0.0011118051217989255,two_phase_side
m0p06,-0.06,weak,0.16612461201941758,0.17244486215538848,0.16398500936914429,0.1728794503435353,0.002183292558117957,-0.0020279709142780123,0.0011118051217989255,two_phase_side
m0p06,-0.06,weak,0.1664315072234616,0.17294586466165415,0.16509681449094316,0.1745471580262336,0.00208459711447649,-0.0020134211474775537,0.0015723298819638328,two_phase_side
m0p06,-0.06,weak,0.16673888087985161,0.17344686716791982,0.16509681449094316,0.1745471580262336,0.001976618829838406,-0.0019765101690514745,0.00111180512179887,two_phase_side
m0p06,-0.06,weak,0.16704761579312694,0.17394786967418546,0.16509681449094316,0.1745471580262336,0.0020407773640214928,-0.001960272919312207,0.00111180512179887,two_phase_side
m0p06,-0.06,weak,0.16735726762286224,0.17444887218045113,0.1656527170518426,0.17565896314803248,0.0020904097203623415,-0.0020903971705803813,0.0015723298819638328,two_phase_side
m0p06,-0.06,weak,0.16766779341853932,0.1749498746867168,0.16620861961274205,0.1762148657089319,0.0019311629868578475,-0.0019137550695212673,0.00111180512179887,two_phase_side
m0p06,-0.06,weak,0.16797966311007953,0.17545087719298247,0.16620861961274205,0.1762148657089319,0.0019288010581612592,-0.0019001401750853228,0.00111180512179887,two_phase_side
m0p06,-0.06,weak,0.16829214882701593,0.17595187969924814,0.1667645221736415,0.1773266708307308,0.0020551627301270826,-0.002031179120686991,0.00111180512179887,two_phase_side
m0p06,-0.06,weak,0.16860585452725804,0.1764528822055138,0.16732042473454092,0.17788257339163024,0.0019225885258327647,-0.001858653079433465,0.00111180512179887,two_phase_side
m0p06,-0.06,weak,0.1689208065837818,0.17695388471177945,0.16732042473454092,0.17788257339163024,0.0018503201689066377,-0.0018476166946969324,0.00111180512179887,two_phase_side
m0p06,-0.06,weak,0.1692362873348609,0.17745488721804512,0.16732042473454092,0.17788257339163024,0.0019630193494667137,-0.001837022582061907,0.00111180512179887,two_phase_side
m0p06,-0.06,weak,0.16955320608140248,0.17795588972431078,0.1684322298563398,0.17955028107432855,0.0019490180794870177,-0.0018347500540550445,0.0015723298819638328,two_phase_side
m0p06,-0.06,weak,0.16987109344798862,0.17845689223057645,0.1684322298563398,0.17955028107432855,0.0018071600922480845,-0.0018027419908898208,0.00111180512179887,two_phase_side
m0p06,-0.06,weak,0.17018982591185672,0.17895789473684212,0.1684322298563398,0.17955028107432855,0.0018547413477919869,-0.001794868053513342,0.00111180512179887,two_phase_side
m0p06,-0.06,weak,0.17050999494896968,0.1794588972431078,0.16898813241723923,0.18066208619612742,0.001940033304392862,-0.0019370892298547556,0.0015723298819638328,two_phase_side
m0p06,-0.06,weak,0.1708308959517624,0.17995989974937346,0.16954403497813866,0.18121798875702685,0.0017996663903663203,-0.0017658274634570995,0.00111180512179887,two_phase_side
m0p06,-0.06,weak,0.1711529128109907,0.1804609022556391,0.16954403497813866,0.18121798875702685,0.0017781079415002472,-0.0017607010414910837,0.00111180512179887,two_phase_side
m0p06,-0.06,weak,0.17147637235217364,0.18096190476190477,0.1700999375390381,0.18232979387882572,0.0019405394690658224,-0.001900919987647521,0.00111180512179887,two_phase_side
m0p06,-0.06,weak,0.17180036481691643,0.18146290726817044,0.17065584009993753,0.1828856964397252,0.001825997221922609,-0.0017551477911236539,0.0015723298819638328,two_phase_side
m0p06,-0.06,weak,0.1721257012526108,0.1819639097744361,0.17065584009993753,0.1828856964397252,0.001734987741871045,-0.0017346497203532454,0.00111180512179887,two_phase_side
m0p06,-0.06,weak,0.1724524934197959,0.18246491228070177,0.17065584009993753,0.1828856964397252,0.0018452702946297995,-0.0017335180160633593,0.00111180512179887,two_phase_side
m0p06,-0.06,weak,0.17277965675083606,0.18296591478696744,0.17121174266083697,0.18399750156152406,0.0018768393290470576,-0.0018758813235181383,0.0015723298819638328,two_phase_side
m0p06,-0.06,weak,0.1731083491593305,0.18346691729323308,0.17176764522173643,0.1845534041224235,0.0017256710805609613,-0.0017230278858250759,0.0015723298819638328,two_phase_side
m0p06,-0.06,weak,0.17343845559184462,0.18396791979949875,0.17176764522173643,0.1845534041224235,0.0017704234480066354,-0.0017024444223147552,0.00111180512179887,two_phase_side
m0p06,-0.06,weak,0.17376893451180014,0.18446892230576442,0.17232354778263587,0.18566520924422236,0.0018762316583965004,-0.0018733522631360388,0.0015723298819638328,two_phase_side
m0p06,-0.06,weak,0.17410101917374912,0.1849699248120301,0.1728794503435353,0.1862211118051218,0.0017486278330827946,-0.0017259002326125347,0.0015723298819638328,two_phase_side
m0p06,-0.06,weak,0.17443449330017446,0.18547092731829576,0.17343535290443474,0.18677701436602123,0.0016444284437564273,-0.0015696589580193286,0.00111180512179887,two_phase_side
m0p06,-0.06,weak,0.17476836742211962,0.18597192982456143,0.17343535290443474,0.18677701436602123,0.001557269669407396,-0.0015532645228140375,0.00111180512179887,two_phase_side
m0p06,-0.06,weak,0.17510387902670116,0.18647293233082707,0.17343535290443474,0.18677701436602123,0.0016960086393686944,-0.001530529396466043,0.0015723298819638328,boundary_tolerance
m0p06,-0.06,weak,0.17544084037606017,0.18697393483709274,0.17399125546533417,0.1878888194878201,0.0017141500335562912,-0.0017119311351234743,0.0015723298819638328,two_phase_side
m0p06,-0.06,weak,0.1757781324825306,0.1874749373433584,0.1745471580262336,0.18844472204871957,0.0015670930051557618,-0.0015657383675342883,0.0015723298819638328,boundary_tolerance
m0p06,-0.06,weak,0.17611710238140416,0.18797593984962407,0.1745471580262336,0.18844472204871957,0.001638438899843591,-0.0015527252166552435,0.00111180512179887,two_phase_side
m0p06,-0.06,weak,0.17645764592548485,0.18847694235588974,0.17510306058713304,0.18955652717051844,0.0017321676624549242,-0.0017309866845423984,0.0015723298819638328,two_phase_side
m0p06,-0.06,weak,0.17679841635394788,0.1889779448621554,0.17565896314803248,0.19011242973141787,0.0016079208708939504,-0.0015905223113418187,0.0015723298819638328,two_phase_side
m0p06,-0.06,weak,0.17714087036972484,0.18947894736842105,0.1762148657089319,0.1906683322923173,0.0015073556743522485,-0.001459949425024766,0.0015723298819638328,boundary_tolerance
m0p06,-0.06,weak,0.17748494525814024,0.18997994987468672,0.1762148657089319,0.1906683322923173,0.0014446357375546785,-0.0014259235321894446,0.0015723298819638328,boundary_tolerance
m0p06,-0.06,weak,0.1778294186722921,0.1904809523809524,0.1762148657089319,0.1906683322923173,0.00162538995403512,-0.0014101960993908782,0.0015723298819638328,boundary_tolerance
m0p06,-0.06,weak,0.17817537418966062,0.19098195488721806,0.1773266708307308,0.1923360399750156,0.0015980750346759201,-0.001487049024307789,0.0015723298819638328,boundary_tolerance
m0p06,-0.06,weak,0.1785230066807693,0.19148295739348373,0.1773266708307308,0.1923360399750156,0.0014693431719650747,-0.0014691426542031089,0.0015723298819638328,boundary_tolerance
m0p06,-0.06,weak,0.17887135749378172,0.1919839598997494,0.17788257339163024,0.19289194253591505,0.001342433040507354,-0.0013375844419779544,0.0015723298819638328,boundary_tolerance
m0p06,-0.06,weak,0.17922081939725648,0.19248496240601504,0.17788257339163024,0.19289194253591505,0.0013987620232577113,-0.0013078214822497393,0.0015723298819638328,boundary_tolerance
m0p06,-0.06,weak,0.17957202517552281,0.1929859649122807,0.17843847595252968,0.19400374765771394,0.0015234223176289494,-0.0015164562884616949,0.0015723298819638328,boundary_tolerance
m0p06,-0.06,weak,0.1799244783165,0.19348696741854637,0.17899437851342911,0.19455965021861338,0.001419765485293988,-0.001385390601205408,0.0015723298819638328,boundary_tolerance
m0p06,-0.06,weak,0.18027743303296273,0.19398796992481204,0.17955028107432855,0.1951155527795128,0.0013417127357078582,-0.0012547284290112652,0.0015723298819638328,boundary_tolerance
m0p06,-0.06,weak,0.18063221235609403,0.1944889724310777,0.17955028107432855,0.1951155527795128,0.0012502712631696166,-0.0012392505105191024,0.0015723298819638328,boundary_tolerance
m0p06,-0.06,weak,0.18098871473002165,0.19498997493734338,0.17955028107432855,0.1951155527795128,0.0014439048362944653,-0.0012150589208821364,0.0015723298819638328,boundary_tolerance
m0p06,-0.06,weak,0.18134547566341058,0.19549097744360905,0.18010618363522798,0.19622735790131168,0.0014415619687003674,-0.001434384395551071,0.0015723298819638328,boundary_tolerance
m0p06,-0.06,weak,0.1817038059961271,0.1959919799498747,0.18066208619612742,0.19678326046221112,0.0013081685636471938,-0.0013080468807398157,0.0015723298819638328,boundary_tolerance
m0p06,-0.06,weak,0.18206394611777052,0.19649298245614036,0.18121798875702685,0.19733916302311055,0.0011965222137989703,-0.0011867759262853023,0.0015723298819638328,boundary_tolerance
m0p06,-0.06,weak,0.1824252624076407,0.19699398496240603,0.18121798875702685,0.19733916302311055,0.0012556502542739472,-0.0011470610013530652,0.0015723298819638328,boundary_tolerance
m0p06,-0.06,weak,0.18278708660869758,0.1974949874686717,0.1817738913179263,0.19845096814490942,0.0013930052945272903,-0.0013875973878306116,0.0015723298819638328,boundary_tolerance
m0p06,-0.06,weak,0.18315082787443654,0.19799598997493736,0.18232979387882572,0.19900687070580889,0.0013022966920007136,-0.0012677480612156592,0.0015723298819638328,boundary_tolerance
m0p06,-0.06,weak,0.18351638336415624,0.19849699248120303,0.1828856964397252,0.19956277326670832,0.0012384081231163525,-0.001150684732375514,0.0015723298819638328,boundary_tolerance
m0p06,-0.06,weak,0.18388240750255325,0.19899799498746867,0.1828856964397252,0.19956277326670832,0.0011456035297888782,-0.001132277331200161,0.0015723298819638328,boundary_tolerance
m0p06,-0.06,weak,0.18424966882636265,0.19949899749373434,0.18344159900062462,0.20011867582760776,0.0010183212070562103,-0.0010173701541156591,0.0015723298819638328,boundary_tolerance
m0p06,-0.06,weak,0.1846188612972771,0.2,0.18344159900062462,0.20011867582760776,0.00118322883128236,-0.0009785866536610633,0.0015723298819638328,boundary_tolerance
m0p06,-0.06,weak,0.18096190476190477,0.19495255432215003,0.17955028107432855,0.1951155527795128,0.0014210031430045924,-0.0012167215812941112,0.0015723298819638328,boundary_tolerance
m0p06,-0.06,weak,0.18146290726817044,0.19565592523025935,0.18066208619612742,0.19678326046221112,0.0013828228789790399,-0.001313847798095581,0.0015723298819638328,boundary_tolerance
m0p04,-0.04,weak,0.1673724400804929,0.17244486215538848,0.16509681449094316,0.1745471580262336,0.0030980832384534277,-0.003055515659520655,0.00111180512179887,two_phase_side
m0p04,-0.04,weak,0.17185574555623243,0.1794588972431078,0.16954403497813866,0.18121798875702685,0.002904893931146654,-0.002897656355429047,0.00111180512179887,two_phase_side
m0p04,-0.04,weak,0.17317689894999924,0.18146290726817044,0.17065584009993753,0.1828856964397252,0.0028948344947799546,-0.0028885197442200324,0.00111180512179887,two_phase_side
m0p04,-0.04,weak,0.17621875214567306,0.18597192982456143,0.17343535290443474,0.18677701436602123,0.0028974941682467005,-0.0027389615423622656,0.0015723298819638328,two_phase_side
m0p04,-0.04,weak,0.18079180204346554,0.19248496240601504,0.17899437851342911,0.19455965021861338,0.002745006532974501,-0.0026782984312690825,0.0015723298819638328,two_phase_side
m0p04,-0.04,weak,0.1826106420756149,0.19498997493734338,0.18066208619612742,0.19678326046221112,0.0026481584146695906,-0.002632742208084374,0.0015723298819638328,two_phase_side
m0p04,-0.04,weak,0.1829787057735675,0.19549097744360905,0.18121798875702685,0.19733916302311055,0.002552628909303726,-0.0025232659124637654,0.0015723298819638328,two_phase_side
m0p04,-0.04,weak,0.18409092689859116,0.19699398496240603,0.18232979387882572,0.19900687070580889,0.0026745651103128164,-0.002629515838325213,0.0015723298819638328,two_phase_side
m0p04,-0.04,weak,0.18446471395688008,0.1974949874686717,0.1828856964397252,0.19956277326670832,0.0026017368095262745,-0.0025137405730920447,0.0015723298819638328,two_phase_side
m0p04,-0.04,weak,0.18483965377598058,0.19799598997493736,0.1828856964397252,0.19956277326670832,0.0025045476947502714,-0.0025044741832726267,0.0015723298819638328,two_phase_side
m0p04,-0.04,weak,0.18521619029224115,0.19849699248120303,0.18344159900062462,0.20011867582760776,0.002403961548837177,-0.0024017417078544814,0.0015723298819638328,two_phase_side
m0p04,-0.04,weak,0.18559430948209943,0.19899799498746867,0.18344159900062462,0.20011867582760776,0.002426950341994317,-0.002369800504962342,0.0015723298819638328,two_phase_side
m0p04,-0.04,weak,0.18597400089853483,0.19949899749373434,0.18344159900062462,0.20011867582760776,0.002607117298859289,-0.0023717079641266286,0.0015723298819638328,two_phase_side
m0p04,-0.04,weak,0.18635485295386806,0.2,0.1845534041224235,0.20178638351030606,0.0025370029440673395,-0.002517713691429105,0.0015723298819638328,two_phase_side
m0p04,-0.04,weak,0.18296591478696744,0.19547372164932922,0.18121798875702685,0.19733916302311055,0.002556387475551987,-0.0025141940889285294,0.0015723298819638328,two_phase_side
m0p04,-0.04,weak,0.18446892230576442,0.1975006623984154,0.1828856964397252,0.19956277326670832,0.002599789486867628,-0.002513601231492343,0.0015723298819638328,two_phase_side
m0p04,-0.04,weak,0.1849699248120301,0.19817038911801255,0.18344159900062462,0.20011867582760776,0.0024762069559294735,-0.0024067533420170212,0.0015723298819638328,two_phase_side
m0p04,-0.04,weak,0.18547092731829576,0.19883556345617215,0.18344159900062462,0.20011867582760776,0.0024009478916946683,-0.002379549957947457,0.0015723298819638328,two_phase_side
m0p04,-0.04,weak,0.18597192982456143,0.19949629085413423,0.18344159900062462,0.20011867582760776,0.002605750781208816,-0.0023717592868223664,0.0015723298819638328,two_phase_side
